time,Unnamed: 0,open,high,low,close,volume,returns,volatility,volume_sma20,volume_ratio,volume_class,accumulation,distribution,local_min,local_max,rsi,stoch_k,stoch_d,macd,adx,rsi_signal,stoch_signal,macd_signal,volume_signal,swing_signal,swing_strength
2024-06-03,0,115.78,118.01,115.52,117.41,7782256,,,,,,False,False,,,,,,,0.0,0,0,-1,0,-1,Sell
2024-06-04,1,119.21,119.47,118.18,119.3,7019713,0.016097436334213455,,,,,False,False,,,,,,,0.0,0,0,-1,0,-1,Sell
2024-06-05,2,120.07,124.27,119.81,120.16,6336780,0.007208717518859986,,,,,False,False,,,,,,,0.0,0,0,-1,0,-1,Sell
2024-06-06,3,120.33,121.53,119.04,119.73,5222139,-0.0035785619174433236,,,,,False,False,,,,,,,0.0,0,0,-1,0,-1,Sell
2024-06-07,4,120.93,121.79,120.5,121.79,3762372,0.017205378768896606,,,,,False,False,,,,,,,0.0,0,0,-1,0,-1,Sell
2024-06-10,5,123.07,124.36,122.64,123.5,3785656,0.014040561622464809,,,,,False,False,,,,,,,0.0,0,0,-1,0,-1,Sell
2024-06-11,6,123.76,125.64,122.73,125.64,6340276,0.017327935222672064,,,,,False,False,,,,,,,0.0,0,0,-1,0,-1,Sell
2024-06-12,7,127.02,131.78,126.92,131.09,11246768,0.04337790512575612,,,,,False,False,,,,,,,0.0,0,0,-1,0,-1,Sell
2024-06-13,8,132.78,132.88,129.1,129.1,8167546,-0.015180410405065237,,,,,False,False,,,,,,,0.0,0,0,-1,0,-1,Sell
2024-06-14,9,129.2,131.69,128.11,130.1,6425220,0.0077459333849729806,,,,,False,False,,,,,,,0.0,0,0,-1,0,-1,Sell
2024-06-17,10,130.1,130.49,127.61,127.91,4890848,-0.016833205226748693,,,,,False,False,115.52,135.16,,,,,0.0,0,0,-1,0,-1,Sell
2024-06-18,11,127.91,128.81,127.12,127.12,6694763,-0.006176217653037219,,,,,False,False,118.18,135.16,,,,,0.0,0,0,-1,0,-1,Sell
2024-06-19,12,127.12,131.88,125.73,130.59,9684926,0.02729704216488349,,,,,False,False,119.04,135.16,,,,,0.0,0,0,-1,0,-1,Sell
2024-06-20,13,132.08,134.76,130.89,132.38,10482529,0.013707021977180434,,,,,False,False,119.04,135.16,77.32092879696695,87.62993762993766,,,0.0,-1,0,-1,0,-2,Sell
2024-06-21,14,132.98,135.16,132.38,135.16,7663338,0.021000151080223572,,,,,False,False,120.5,135.16,80.60256325109526,100.0,,,0.0,-1,0,-1,0,-2,Sell
2024-06-24,15,134.07,134.57,131.09,131.19,13202385,-0.02937259544243853,,,,,False,False,122.64,138.74,65.93076221208624,75.37220843672455,87.66738202222074,,0.0,0,0,-1,0,-1,Sell
2024-06-25,16,130.1,130.2,127.71,129.1,13723703,-0.015931092308865025,,,,,False,False,122.73,138.74,59.763259944544494,62.40694789081883,79.25971877584779,,0.0,0,0,-1,0,-1,Sell
2024-06-26,17,130.1,130.89,128.51,130.89,7158131,0.01386522075910146,,,,,False,False,125.73,138.74,62.95916194521333,70.87312414733962,69.55076015829432,,0.0,0,0,-1,0,-1,Sell
2024-06-27,18,130.39,133.17,129.9,131.88,6409612,0.0075636030254413456,,,,,False,False,125.73,138.74,64.63234618155576,73.80191693290733,69.02732965702192,,0.0,0,0,-1,0,-1,Sell
2024-06-28,19,131.88,131.88,129.5,129.6,6641381,-0.017288444040036377,,7632017.1,0.8701999632574199,Normal,False,False,125.73,138.74,58.12087072510747,55.2695092518101,66.64818344401903,,0.0,0,0,-1,0,-1,Sell
2024-07-01,20,129.5,129.5,127.61,127.71,6386361,-0.014583333333333393,0.0184672390672926,7562222.35,0.8445084929299917,Normal,False,False,125.73,138.74,53.32495417085517,20.99681866383872,50.022748282852056,,0.0,0,0,-1,0,-1,Sell
2024-07-02,21,127.71,131.19,126.62,127.12,6735345,-0.0046198418291441,0.01835577700023719,7548003.95,0.892334588669631,Normal,False,False,125.73,138.74,51.885620736554024,14.740190880169688,30.335506265272837,,0.0,0,0,-1,0,-1,Sell
2024-07-03,22,129.6,131.88,129.2,130.1,7642345,0.02344241661422264,0.018887143082055285,7613282.2,1.0038173811552658,High,True,False,125.73,138.74,58.04532943164013,46.34146341463408,27.359490986214166,,0.0,0,0,-1,1,0,Neutral
2024-07-04,23,131.19,134.86,131.19,134.86,8129152,0.03658724058416607,0.020117419262365543,7758632.85,1.0477557267064133,High,True,False,126.62,138.74,65.61718168512564,96.81866383881247,52.63343937787207,,0.0,0,0,-1,1,0,Neutral
2024-07-05,24,135.16,138.74,135.16,137.74,7807749,0.021355479756784757,0.020258269145839204,7960901.7,0.9807618903270718,High,False,False,126.62,138.74,69.23501640334375,92.31360491929286,78.4912440575798,,0.0,0,0,-1,0,-1,Sell
2024-07-08,25,137.54,138.64,136.55,138.64,5876745,0.006534049658777352,0.020177981612619154,8065456.15,0.7286314488238833,Low,False,False,125.13,138.74,70.28718597843061,99.23136049192911,96.12120975001147,,0.0,-1,-1,-1,0,-3,Strong Sell
2024-07-09,26,138.14,138.34,135.06,136.55,9689262,-0.015075014425850908,0.02051779395481593,8232905.45,1.1768946040792925,High,False,True,122.35,138.74,64.74919921648824,81.93069306930695,91.15855282684298,,0.0,0,-1,-1,-1,-3,Strong Sell
2024-07-10,27,135.06,136.05,133.08,133.08,6309470,-0.025411937019406805,0.019368275660084935,7986040.55,0.7900623544918013,Low,False,False,122.35,138.74,56.75382547649336,53.30033003300335,78.15412786474647,,53.78307487610935,0,0,-1,0,-1,Sell
2024-07-11,28,133.17,134.47,131.59,132.08,6857179,-0.007514277126540403,0.01910672789758867,7920522.2,0.8657483467441073,Normal,False,False,122.35,138.74,54.659123513727415,45.0495049504951,60.093509350935136,,52.10023881428653,0,0,-1,0,-1,Sell
2024-07-12,29,131.29,135.06,131.29,132.88,3562395,0.006056935190793311,0.01908052059891518,7777380.95,0.4580455840985904,Very Low,False,False,122.35,138.74,56.05644693523968,51.65016501650155,50.0,,50.661180050653115,0,0,-1,0,-1,Sell
2024-07-15,30,132.58,133.87,131.39,131.78,3074934,-0.008278145695364225,0.018747241649500722,7686585.25,0.40003901602470354,Very Low,False,False,122.35,138.74,53.60997620932597,42.57425742574253,46.424642464246396,,49.3249111987078,0,0,-1,0,-1,Sell
2024-07-16,31,132.68,133.57,131.39,133.08,4007693,0.009864926392472384,0.0187375753463512,7552231.75,0.5306634029073591,Very Low,False,False,122.35,138.74,56.05114267113908,53.30033003300335,49.17491749174914,,48.08409012190143,0,0,-1,0,-1,Sell
2024-07-17,32,133.08,133.17,129.0,130.99,6980219,-0.015704839194469522,0.01819696322611283,7416996.4,0.9411112832682512,Normal,False,False,122.35,138.74,51.37080894227485,36.05610561056108,43.97689768976898,,45.88134944695893,0,0,-1,0,-1,Sell
2024-07-18,33,130.49,130.49,126.92,127.02,10828773,-0.030307657073059158,0.01912912518331514,7434308.6,1.4565944975703593,Very High,False,True,122.35,138.74,43.8761810565185,3.300330033003229,30.885588558855886,-1.0470860755300913,43.043827712964834,0,0,-1,-1,-2,Sell
2024-07-19,34,127.71,128.41,125.13,125.13,6581002,-0.014879546528105858,0.01854281715558453,7380191.8,0.8917115135137816,Normal,False,False,122.35,138.74,40.822725210099065,0.0,13.118811881188103,-1.3352460184774961,40.14066218670826,0,1,-1,0,0,Neutral
2024-07-22,35,125.13,125.13,122.35,123.24,6242427,-0.015104291536801706,0.017760466501106985,7032193.9,0.8876926729793386,Normal,False,False,120.17,138.64,37.97654155841736,5.430140329469187,2.910156787490805,-1.585610179772213,38.27297127778247,0,1,-1,0,0,Neutral
2024-07-23,36,124.04,126.62,123.94,124.63,5323805,0.011278805582602969,0.01775764703340762,6612199.0,0.8051489375924711,Low,False,False,116.59,138.34,41.22226457492279,13.910921293471624,6.44702054098027,-1.5862243106531957,36.01624491623463,0,1,-1,0,0,Neutral
2024-07-24,37,124.63,125.73,123.14,125.13,4160841,0.00401187515044521,0.017439514660157293,6462334.5,0.6438603572749135,Low,False,False,116.59,136.05,42.390128570801714,16.961561928004873,12.100874516981895,-1.483450161910925,34.15916908953973,0,1,-1,0,0,Neutral
2024-07-25,38,123.34,124.63,123.24,124.14,2569074,-0.007911771757372343,0.017330992090650223,6270307.6,0.40972056937047235,Very Low,False,False,116.59,135.06,40.66717605099398,10.988336402701087,13.953606541392526,-1.412969069266127,32.43474153618018,0,1,-1,0,0,Neutral
2024-07-26,39,125.03,127.12,123.54,127.12,3959362,0.024005155469631,0.017971666855021395,6136206.65,0.6452458702641639,Low,False,False,116.59,135.06,47.57459956943646,29.831144465290855,19.260347598665604,-1.109846806224449,30.301176325179735,0,0,-1,0,-1,Sell
2024-07-29,40,129.1,129.7,128.11,128.11,4867859,0.0077879169288861405,0.01776447000500693,6060281.55,0.8032397438696557,Low,False,False,116.59,133.87,49.67085514657318,42.04379562043805,27.621092162809997,-0.8012673201277116,29.10763870448642,0,0,-1,0,-1,Sell
2024-07-30,41,128.11,128.61,126.12,127.12,2383126,-0.00772773397861215,0.01782332110258987,5842670.6,0.4078829978879864,Very Low,False,False,116.59,133.57,47.62026454832766,37.529504327301396,36.468148137676764,-0.6299763229653575,27.30216313197015,0,0,-1,0,-1,Sell
2024-07-31,42,126.42,127.71,125.73,127.71,2875191,0.004641283826305687,0.0170073104730385,5604312.9,0.5130318473117373,Very Low,False,False,116.59,133.17,48.97229011145147,42.171518489378414,40.581606145705955,-0.451446695760213,25.493544042620066,0,0,-1,0,-1,Sell
2024-08-01,43,128.71,128.81,123.24,123.94,6904015,-0.029520006264192267,0.01573736119688653,5543056.05,1.245525020444273,High,False,True,116.59,130.59,41.5857629673648,13.80208333333335,31.16770205000439,-0.5549549294512092,24.325845770203962,0,0,-1,-1,-2,Sell
2024-08-02,44,121.26,123.94,120.17,122.35,9975015,-0.012828788123285473,0.01464627537572983,5651419.35,1.765045979113194,Very High,False,False,116.59,130.59,38.91953094834412,16.268656716417865,24.080752846376544,-0.6894255960586715,24.062756760297678,0,0,-1,0,-1,Sell
2024-08-05,45,120.26,122.05,116.59,117.78,10450171,-0.03735185941969754,0.01593156771561743,5880090.65,1.7772125672926486,Very High,False,True,116.59,130.59,32.474815865942176,7.177322074788895,12.416020708180037,-1.0248590390171235,24.595727306483496,0,1,-1,-1,-1,Sell
2024-08-06,46,119.17,121.06,118.97,119.97,6748144,0.018593988792664273,0.016894225100689254,5733034.75,1.1770631601352146,High,True,False,116.59,130.59,37.79102174188693,24.316546762589887,15.92084185126555,-1.0349248130740594,25.090628527941757,0,0,-1,1,0,Neutral
2024-08-07,47,120.17,121.16,119.37,121.16,2832328,0.009919146453279959,0.016637500617431987,5559177.65,0.5094868662813824,Very Low,False,False,116.59,131.59,40.530801358313084,34.85888634630052,22.117585061226436,-0.9019876319987044,25.50863161598733,0,0,-1,0,-1,Sell
2024-08-08,48,120.76,121.56,120.07,120.56,2663832,-0.0049521294156487095,0.01662332013766605,5349510.3,0.49795810281924313,Very Low,False,False,116.59,132.88,39.5841866248275,30.28222730739896,29.819220138763125,-0.7985655617412335,25.72192380255385,0,0,-1,0,-1,Sell
2024-08-09,49,121.56,126.02,121.16,126.02,5511755,0.04528865295288642,0.019913780896658406,5446978.3,1.01189222655798,High,True,False,116.59,133.57,50.83681877802642,71.92982456140354,45.69031273836767,-0.3305094117780003,24.23736182037921,0,0,-1,1,0,Neutral
2024-08-12,50,126.02,129.3,125.33,129.1,6204408,0.024440564989684166,0.020737452590175426,5603452.0,1.1072474610293797,High,True,False,116.59,133.57,55.83409531985907,95.42334096109843,65.87846427663364,0.1904232963201673,23.103740476609005,0,0,1,1,2,Buy
2024-08-13,51,128.81,129.3,127.12,128.81,4110939,-0.0022463206816421,0.020585203280072826,5608614.3,0.7329687477350689,Low,False,False,116.59,133.57,55.26449324456265,93.21128909229606,86.85481820493267,0.5016903130326495,22.051092085965244,0,-1,1,0,0,Neutral
2024-08-14,52,129.8,130.59,128.61,128.61,2869469,-0.001552674481794858,0.020310025001792277,5403076.8,0.5310805502524043,Very Low,False,False,116.59,133.57,54.848911203877776,85.85714285714292,91.4972576368458,0.6698259409622629,21.43145504468284,0,-1,1,0,0,Neutral
2024-08-15,53,128.21,128.61,127.32,127.81,2266445,-0.006220356115387737,0.01914391043355096,4974960.4,0.4555704604201472,Very Low,False,False,116.59,133.57,53.12792223924899,80.14285714285714,86.40376303076538,0.6996183727696524,20.405804918065694,0,-1,1,0,0,Neutral
2024-08-16,54,128.21,130.1,128.21,129.7,5109223,0.01478757530709629,0.019039940873754498,4901371.45,1.0424068145253509,High,True,False,116.59,133.57,56.593098725974066,93.64285714285704,86.54761904761904,0.811213144775425,19.882790690213003,0,-1,1,1,1,Buy
2024-08-19,55,130.2,130.49,129.1,129.6,2508560,-0.0007710100231302919,0.018628874817428594,4714678.1,0.5320745015444427,Very Low,False,False,116.59,133.97,56.3557035397322,92.92857142857136,88.90476190476186,0.8393839866470694,19.508310124116917,0,-1,1,0,0,Neutral
2024-08-20,56,129.8,131.59,129.8,130.59,3753490,0.007638888888888973,0.01855812994821362,4636162.35,0.8096114235516365,Normal,False,False,118.97,133.97,58.22403860707794,93.33333333333333,93.30158730158723,0.8814376908854837,19.475114972241183,0,-1,1,0,0,Neutral
2024-08-21,57,129.7,132.88,129.7,132.58,6137230,0.015238532812619665,0.01877473910852396,4734981.8,1.2961464814922836,Very High,True,False,119.37,133.97,61.76701336611734,98.15837937384909,94.8067613785846,0.991797068656632,19.797993985877913,0,-1,1,1,1,Buy
2024-08-22,58,133.08,133.57,132.58,132.88,3032995,0.0022627847337455265,0.018598734185762217,4758177.85,0.6374278338503048,Low,False,False,120.07,133.97,62.286284035872875,95.93639575971731,95.80936948896658,1.0290715403630837,20.282580831185662,0,-1,1,0,0,Neutral
2024-08-23,59,132.78,132.78,131.49,132.18,3064441,-0.005267910897049921,0.018049801306256018,4713431.8,0.6501507033580076,Low,False,False,121.16,133.97,60.23070132345775,90.47945205479462,94.85807572945367,0.9524206934201682,20.237693540757515,0,-1,1,0,0,Neutral
2024-08-26,60,132.38,132.58,130.59,130.59,2598875,-0.012029051293690474,0.018264246711407788,4599982.6,0.564974963166165,Very Low,False,False,125.33,133.97,55.73158044663299,79.01408450704231,88.47664410718475,0.7494133476914063,19.799368336910934,0,0,1,0,1,Buy
2024-08-27,61,130.59,131.69,129.5,131.59,2346895,0.007657554177195713,0.018195980066495452,4598171.05,0.5103974981530972,Very Low,False,False,127.12,133.97,57.86342966253444,85.3333333333334,84.94228996505677,0.6414298616502644,18.92718497227612,0,-1,1,0,0,Neutral
2024-08-28,62,132.08,133.57,131.98,132.38,2721387,0.0060034957063606065,0.01820937918264119,4590480.85,0.5928326658851001,Low,False,False,127.32,133.97,59.5218510343296,90.41095890410962,84.91945891482844,0.5838025049114306,18.75000217017097,0,-1,1,0,0,Neutral
2024-08-29,63,131.88,132.88,131.29,132.78,2098979,0.003021604471974637,0.01663476251034128,4350229.05,0.4824985020041646,Very Low,False,False,127.32,133.97,60.37230746648915,90.41262135922338,88.71897119888881,0.5345388228352237,18.281857205677046,0,-1,1,0,0,Neutral
2024-08-30,64,132.58,133.97,132.08,133.87,3327420,0.0082090676306672,0.016201969912965544,4017849.3,0.828159483233978,Normal,False,False,128.21,133.97,62.67373423273826,98.54014598540154,93.12124208291152,0.5359156795559274,18.213851985239256,0,-1,1,0,0,Neutral
2024-09-04,65,132.08,132.08,130.59,132.08,4547807,-0.01337118099648904,0.013611558423272472,3722731.1,1.2216318820341334,High,False,False,128.71,133.97,56.83613679855479,71.57894736842128,86.84390490434873,0.3839445357866227,17.486516450633335,0,0,1,0,1,Buy
2024-09-05,66,132.08,132.08,128.81,129.7,8071651,-0.018019382192610678,0.014251962285082194,3788906.45,2.130337897363499,Very High,False,True,128.71,134.27,50.14792323104623,35.78947368421043,68.63618901267775,0.10529690571796446,16.377802820130608,0,0,1,-1,0,Neutral
2024-09-06,67,129.6,131.98,129.4,131.19,3829410,0.011488049344641649,0.01429051162458491,3838760.55,0.9975641747178006,High,False,False,128.71,134.86,53.812345274173545,51.736111111111015,53.03484405458091,0.008592443406644668,15.348283020378076,0,0,1,0,1,Buy
2024-09-09,68,129.9,130.99,129.2,130.39,2891093,-0.006098025764158965,0.014330871524076113,3850123.6,0.7509091396442441,Low,False,False,128.71,136.05,51.618451451151856,30.620155038759403,39.38191327802695,-0.11516619252739435,14.475724711843958,0,0,-1,0,-1,Sell
2024-09-10,69,130.1,130.1,128.71,129.1,4203583,-0.009893396732878257,0.010859551909770013,3784715.0,1.1106735910101553,High,False,True,128.71,136.05,48.20561321510351,7.414448669201274,29.92357160635723,-0.2804023963867601,13.876353621912648,0,0,-1,-1,-2,Sell
2024-09-11,70,129.1,130.39,128.9,129.7,3196732,0.004647560030983655,0.009446169621541827,3634331.2,0.8795929220760067,Normal,False,False,128.71,136.05,49.86592615266112,18.821292775665064,18.951965494541913,-0.3417195030252045,13.175416028301738,0,1,-1,0,0,Neutral
2024-09-12,71,130.1,131.59,130.1,131.39,4124400,0.01303006939090201,0.009840999919354245,3635004.25,1.1346341617069635,High,True,False,128.71,136.05,54.30876248519365,50.950570342205,25.728770595690445,-0.2643476872899224,12.525817191003922,0,0,-1,1,0,Neutral
2024-09-13,72,131.29,132.48,131.09,132.08,3191984,0.005251541213182387,0.009864306425112409,3651130.0,0.8742455075551953,Normal,False,False,128.71,136.05,56.02235044515322,64.06844106463898,44.61343472750301,-0.16731946225972572,12.325698316427907,0,0,-1,0,-1,Sell
2024-09-16,73,130.89,132.08,130.2,130.2,1921844,-0.014233797698364858,0.010340451658439418,3633899.95,0.5288654135896064,Very Low,False,False,128.71,136.05,50.46857903679897,28.326996197718312,47.782002534854094,-0.2266874016906848,11.672897888909239,0,0,-1,0,-1,Sell
2024-09-17,74,130.29,131.98,130.29,131.98,2656869,0.01367127496159748,0.01026472148801822,3511282.25,0.7566663147059739,Low,False,False,128.71,136.05,55.0156806982644,62.1673003802279,51.520912547528404,-0.14687994560760176,11.06672606335619,0,0,-1,0,-1,Sell
2024-09-18,75,132.48,134.27,131.98,133.67,5390349,0.01280497045006812,0.010590595387641608,3655371.7,1.4746377228887557,Very High,True,False,128.71,136.05,58.875816232863016,89.20863309352478,59.900976557157,0.010567492748003393,11.547780981384678,0,0,1,1,2,Buy
2024-09-19,76,134.07,134.86,133.37,134.27,5162767,0.004488666118052098,0.01051924928495256,3725835.55,1.3856669009452123,Very High,True,False,128.71,136.05,60.18219159785642,90.40650406504061,80.59414584626444,0.13883917395261924,12.23051180074648,0,-1,1,1,1,Buy
2024-09-20,77,135.36,136.05,134.07,134.37,3728818,0.0007447680047665273,0.010005546781910043,3605414.95,1.034227142149061,High,False,False,128.71,136.05,60.40793355891756,77.11171662125332,85.57561792660624,0.2098745678451457,13.317041653096581,0,0,1,0,1,Buy
2024-09-23,78,134.96,134.96,132.48,133.08,2449563,-0.009600357222594225,0.010257639168734184,3576243.35,0.6849542271780806,Low,False,False,128.71,136.05,55.997531168594726,59.53678474114445,75.68500180914613,0.15212667367342014,13.383003811170271,0,0,1,0,1,Buy
2024-09-24,79,133.08,133.77,132.78,133.57,2017214,0.0036819957920046775,0.010205062766895945,3523882.0,0.5724408479058039,Very Low,False,False,128.71,136.05,57.27359283715988,66.21253405994527,67.62034514078103,0.12993586366030585,13.444254386524412,0,0,1,0,1,Buy
2024-09-25,80,133.37,133.87,132.68,133.87,4486319,0.002246013326345775,0.009767097691574623,3618254.2,1.2399126075774334,High,True,False,128.9,136.05,58.075225152621876,70.2997275204359,65.34968210717521,0.11877331783014022,13.50112992078183,0,0,1,1,2,Buy
2024-09-26,81,134.07,134.07,132.98,133.37,2821536,-0.00373496675879581,0.0097080097902992,3641986.25,0.7747245064420548,Low,False,False,130.1,136.05,56.18323439001082,63.48773841961845,66.66666666666653,0.06378339396371202,13.652036020731456,0,0,1,0,1,Buy
2024-09-27,82,133.37,133.47,132.58,133.27,3358474,-0.0007497938067031473,0.009631599193324132,3673840.6,0.9141588777694928,Normal,False,False,130.2,141.02,55.79175150136795,62.12534059945504,65.30426884650313,0.009587671567301337,13.516832680355998,0,0,1,0,1,Buy
2024-09-30,83,133.27,133.57,132.08,133.57,3037449,0.00225106925789742,0.00962200962885567,3720764.1,0.8163508672855664,Normal,False,False,130.2,141.81,56.765051956343164,65.3146853146851,63.64258811125287,-0.015764018127550905,13.048396271067412,0,0,-1,0,-1,Sell
2024-10-01,84,133.77,135.26,133.77,134.96,4732079,0.010406528412068683,0.009728543288190146,3790997.05,1.2482412773177969,High,True,False,130.29,141.81,61.044525494063215,81.68067226890756,69.70689939434924,0.04788933348598112,13.512005074298306,0,0,1,1,2,Buy
2024-10-02,85,133.67,134.96,133.67,134.47,1725815,-0.0036307053941909695,0.009231292607423724,3649897.45,0.4728393122387589,Very Low,False,False,131.98,141.81,58.83373402637397,72.99145299145289,73.32893685834851,0.043906149348388546,13.86955906603599,0,0,1,0,1,Buy
2024-10-03,86,134.47,135.16,133.08,133.08,2306560,-0.010336878114077352,0.008534493720682783,3361642.9,0.6861406962649126,Low,False,False,132.08,141.81,52.972914733492225,49.23076923076945,67.9676314970433,-0.05979746839774336,13.765739616634708,0,0,-1,0,-1,Sell
2024-10-04,87,133.37,133.87,132.58,133.17,1473158,0.0006762849413883831,0.008192203931041676,3243830.3,0.45414151288986976,Very Low,False,False,132.08,141.81,53.29731867775952,49.99999999999975,57.40740740740737,-0.12598117404309916,13.308983113779187,0,0,-1,0,-1,Sell
2024-10-07,88,133.27,133.97,132.68,133.17,1336595,0.0,0.008034661259164907,3166105.4,0.42215745565514023,Very Low,False,False,132.08,141.81,53.29731867775952,29.238329238329026,42.82303282303275,-0.17063511961642486,12.948192741003144,0,0,-1,0,-1,Sell
2024-10-08,89,133.17,134.17,132.68,132.88,2114750,-0.002177667642862424,0.007656050055704012,3061663.75,0.6907192208811304,Low,False,False,132.08,141.81,51.95790553793969,20.15113350125902,33.129820913195935,-0.21757200561684498,12.745563277542008,0,0,-1,0,-1,Sell
2024-10-09,90,133.37,134.86,133.37,134.47,2626409,0.011965683323299281,0.00798368373843748,3033147.6,0.8659021407332765,Normal,False,False,132.08,141.81,58.16555289657591,60.20151133501227,36.530324691533444,-0.14300618673711418,13.005700601026124,0,0,-1,0,-1,Sell
2024-10-10,91,134.86,141.02,134.86,140.72,9980507,0.04647876849854993,0.012612979256160478,3325952.95,3.0007962078958452,Very High,True,False,131.69,141.81,72.9573717435694,96.64429530201329,58.99898004609486,0.3015225636401824,15.646070917527636,-1,0,1,1,1,Buy
2024-10-11,92,141.02,141.81,138.64,138.64,3824418,-0.014781125639568016,0.013246909072122002,3357574.65,1.139041837833747,High,False,True,131.69,141.81,64.75182439058648,67.42034943473773,74.75538535725444,0.4223456099479721,18.28565907549676,0,0,1,-1,0,Neutral
2024-10-14,93,140.13,140.33,136.15,136.65,5616349,-0.014353721869590164,0.013254911072323206,3542299.9,1.5855091772438579,Very High,False,True,131.69,141.81,58.027527687398155,46.968139773895146,70.34426150354874,0.3387234270953321,19.08653462897893,0,0,1,-1,0,Neutral
2024-10-15,94,136.65,137.64,135.66,136.05,2869640,-0.004390779363336983,0.013067891578897137,3552938.45,0.8076807522517031,Normal,False,False,131.69,141.81,56.134708254739984,40.80164439876673,51.73004453579987,0.21927708187093953,19.54266180591526,0,0,1,0,1,Buy
2024-10-16,95,135.46,136.15,135.06,135.36,2762322,-0.0050716648291069255,0.012870993404833114,3421537.1,0.8073336396089348,Normal,False,False,131.69,141.81,53.95504355995398,33.71017471736901,40.4933196300103,0.07739505392533852,19.613285427601944,0,0,1,0,1,Buy
2024-10-17,96,135.56,136.15,134.57,136.05,2584896,0.0050975177304963815,0.012881128103743339,3292643.55,0.7850518772370608,Low,False,False,131.69,141.81,55.803179573914136,40.80164439876673,38.43782117163416,0.016780442140369,19.39067677923911,0,0,1,0,1,Buy
2024-10-18,97,136.45,136.85,135.66,136.05,2175065,0.0,0.012882178061530513,3214955.9,0.6765458275804033,Low,False,False,131.69,141.81,55.803179573914136,37.594799566630584,37.368872894255446,-0.03379224355208277,19.476085741103102,0,0,-1,0,-1,Sell
2024-10-21,98,136.05,136.75,134.57,134.57,2688428,-0.01087835354649036,0.012938998430338137,3226899.15,0.8331304683011244,Normal,False,False,131.69,141.81,50.73723269725542,21.56013001083405,33.31885799207713,-0.16979286385439796,18.90168260112592,0,0,-1,0,-1,Sell
2024-10-22,99,134.76,134.76,132.08,132.18,6022016,-0.017760273463624743,0.013547276738922235,3427139.25,1.7571553300613625,Very High,False,True,131.69,141.81,43.819139614035905,1.0277492291880208,20.06089293555089,-0.4098957631012248,17.987147856501846,0,0,-1,-1,-2,Sell
2024-10-23,100,131.98,133.87,131.69,133.27,3019672,0.008246330761083387,0.013675659043103377,3353806.9,0.9003714554943518,Normal,False,False,131.39,141.81,47.345360770081165,15.61264822134399,12.733509153788694,-0.4796416578214855,17.31133674047825,0,1,-1,0,0,Neutral
2024-10-24,101,133.27,133.37,132.88,133.37,2281798,0.000750356419299214,0.013650307816645753,3326820.0,0.6858796087555082,Low,False,False,131.39,141.81,47.66987304915204,16.600790513834053,11.080395988122026,-0.5010411742370112,16.68379784702777,0,1,-1,0,0,Neutral
2024-10-25,102,133.37,133.67,132.68,133.08,1843711,-0.002174402039439083,0.013658619084559018,3251081.85,0.5671069155026042,Very Low,False,False,131.39,141.81,46.76966796582056,13.735177865612789,15.31620553359695,-0.5147632340471844,15.926327694801888,0,1,-1,0,0,Neutral
2024-10-28,103,133.17,134.07,132.68,133.97,1509996,0.006687706642620972,0.013732659732902676,3174709.2,0.4756328548139149,Very Low,False,False,131.39,140.33,49.896755293738515,22.529644268774703,17.62187088274052,-0.4464757869031848,14.98537923664976,0,0,-1,0,-1,Sell
2024-10-29,104,134.47,134.57,133.87,134.47,2462885,0.0037321788460102923,0.013552454863517825,3061249.5,0.8045358602753548,Low,False,False,131.39,138.54,51.61641899442484,27.470355731225297,21.2450592885376,-0.35423739066517834,14.01559742330808,0,0,-1,0,-1,Sell
2024-10-30,105,134.47,134.96,134.27,134.96,1713550,0.0036439354502864063,0.013550216779145944,3060636.25,0.5598672498242808,Very Low,False,False,131.39,138.54,53.30776737475374,32.31225296442697,27.437417654808996,-0.25165309065954666,13.346780146045798,0,0,-1,0,-1,Sell
2024-10-31,106,134.96,135.06,134.37,134.96,1244928,0.0,0.013319616048135733,3007554.65,0.4139336254455094,Very Low,False,False,131.39,138.54,53.30776737475373,37.84722222222228,32.54327697262485,-0.1786589040975301,12.78705226319533,0,0,-1,0,-1,Sell
2024-11-01,107,134.07,134.07,132.68,133.67,2676189,-0.009558387670421054,0.01351910586190726,3067706.2,0.872374610058812,Normal,False,False,131.39,138.93,48.16678922832766,33.27731092436964,34.47892870367297,-0.20995528980630418,12.541127164020368,0,0,-1,0,-1,Sell
2024-11-04,108,133.67,133.67,131.78,131.88,3188263,-0.01339118725218813,0.013860626384901195,3160289.6,1.008851530568591,High,False,True,131.39,138.93,42.09967696051166,3.6821705426356175,24.935567896409186,-0.33640867885041104,12.796554276336243,0,0,-1,-1,-2,Sell
2024-11-05,109,132.08,133.08,131.39,131.69,1663185,-0.0014407036700030407,0.013856621700350532,3137711.35,0.5300630983790143,Very Low,False,False,131.39,138.93,41.502105676988165,5.494505494505694,14.151328987170322,-0.4130007329437205,13.235598210962028,0,1,-1,0,0,Neutral
2024-11-06,110,132.18,133.67,132.08,133.67,1805646,0.015035310198192597,0.014016409055975237,3096673.2,0.5830922035944897,Low,False,False,129.0,138.93,49.540194494173896,41.75824175824172,16.97830593179435,-0.31489994353033124,13.201217581233388,0,0,-1,0,-1,Sell
2024-11-07,111,134.37,136.65,133.27,134.17,3579749,0.0037405550983766744,0.008818277584437833,2776635.3,1.2892398940545056,Very High,False,False,125.83,138.93,51.3578631156974,51.86567164179093,33.03947296484612,-0.20618009143578003,13.123868527102317,0,0,-1,0,-1,Sell
2024-11-08,112,135.16,135.86,134.17,134.86,2110766,0.005142729373183386,0.008457238916664746,2690952.7,0.784393571837959,Low,False,False,125.83,138.93,53.829569242019524,65.96958174904971,53.19783171636079,-0.08390840861627313,13.05204440540918,0,0,-1,0,-1,Sell
2024-11-11,113,135.56,138.54,135.06,137.35,5301235,0.018463591873053353,0.008969005717547716,2675197.0,1.9816241570246975,Very High,True,False,125.83,138.93,61.44361432571578,83.3566433566434,67.06396558249469,0.1555106546092313,14.159473359053852,0,0,1,1,2,Buy
2024-11-12,114,137.64,137.94,134.96,135.86,2921656,-0.010848198034218992,0.009258086471532524,2677797.8,1.0910666966714218,High,False,True,125.83,138.93,55.541093252568025,62.51748251748285,70.61456920772532,0.20145594120308558,15.119297869945017,0,0,1,-1,0,Neutral
2024-11-13,115,135.76,137.15,135.16,136.85,3460835,0.00728691299867501,0.009316064747207649,2712723.45,1.2757787750166718,Very High,True,False,125.83,138.93,58.40054050231804,76.36363636363642,74.07925407925423,0.28153573239733815,16.0105634872011,0,0,1,1,2,Buy
2024-11-14,116,136.95,138.93,135.06,135.06,4743684,-0.013080014614541446,0.009730522561643248,2820662.85,1.6817621432494139,Very High,False,True,125.83,138.93,51.9007486078785,48.67374005305048,62.51828631138992,0.20075767250384113,17.528330514108536,0,0,1,-1,0,Neutral
2024-11-15,117,134.37,134.76,131.69,132.98,6574421,-0.015400562712868493,0.010296748277504066,3040630.65,2.1621899391167423,Very High,False,True,125.83,139.03,45.55588794998758,21.08753315649866,48.70830319106185,0.0044268574101357094,16.840616537523182,0,0,1,-1,0,Neutral
2024-11-18,118,133.08,133.67,131.59,133.08,3910975,0.0007519927808694593,0.010040072813989468,3101758.0,1.2608897921759208,Very High,False,False,125.83,144.4,45.89832482701418,22.413793103448562,30.725022104332567,-0.11492578284666213,16.14970229142468,0,0,-1,0,-1,Sell
2024-11-19,119,132.58,132.68,129.0,129.1,7652727,-0.029906822963631008,0.011412173477822791,3183293.55,2.404028054528619,Very High,False,True,125.83,146.0,36.15219778217249,1.0070493454178675,14.836125201788363,-0.43988746107746163,15.70288584713814,0,1,-1,-1,-1,Sell
2024-11-20,120,129.1,131.49,125.83,131.49,8474055,0.018512780790085337,0.012067531051262742,3456012.7,2.4519744965057564,Very High,True,False,125.83,146.0,43.8611953153705,43.206106870229064,22.208983106365164,-0.4691647618324172,16.404344982462,0,0,-1,1,0,Neutral
2024-11-21,121,131.49,132.08,130.1,132.08,3183165,0.00448703323446642,0.012118399735583709,3501081.05,0.9091948899612021,Normal,False,False,125.83,146.3,45.60714842488398,47.70992366412221,30.64102662658971,-0.42538053213709215,16.754460681802346,0,0,-1,0,-1,Sell
2024-11-22,122,131.98,133.47,131.59,132.98,2920914,0.006814052089642475,0.01221602634295135,3554941.2,0.821649033182321,Normal,False,False,125.83,148.5,48.251054948290175,54.58015267175562,48.49872773536896,-0.317344988201394,16.398972047604758,0,0,-1,0,-1,Sell
2024-11-25,123,133.08,133.08,132.28,132.98,1855059,0.0,0.012115416492397408,3572194.35,0.5193051716237108,Very Low,False,False,125.83,151.9,48.251054948290175,54.58015267175562,52.290076335877814,-0.23141397100350436,16.068875458706998,0,0,-1,0,-1,Sell
2024-11-26,124,132.48,134.96,132.38,134.27,4182343,0.009700706873214227,0.01229220197865584,3658167.25,1.1432891702805552,High,True,False,125.83,151.9,52.11985506943174,64.42748091603058,57.862595419847274,-0.08099006326987085,14.955657136955882,0,0,-1,1,0,Neutral
2024-11-27,125,134.27,138.74,134.27,137.94,9826373,0.02733298577493093,0.013720386818551674,4063808.4,2.4180207413321946,Very High,True,False,125.83,151.9,61.04305663503096,92.442748091603,70.4834605597964,0.2540419016323726,15.286278930196568,0,0,1,1,2,Buy
2024-11-28,126,138.44,139.03,137.35,138.44,4750858,0.003624764390314672,0.013727888052035687,4239104.9,1.120721971282192,High,False,False,125.83,151.9,62.079923684264216,95.530303030303,84.13351067931218,0.48433868391802787,15.682949778515704,0,-1,1,0,0,Neutral
2024-11-29,127,138.44,144.4,138.04,143.3,11617080,0.03510546084946564,0.015389920854448529,4686149.45,2.4790246499714175,Very High,True,False,125.83,151.9,70.3426220562103,94.07646742057085,94.01650618082562,0.9140580533352041,17.393589455127746,-1,-1,1,1,0,Neutral
2024-12-02,128,144.3,146.0,141.6,142.2,6629554,-0.007676203768318346,0.015108384047075247,4858214.0,1.3646072404385645,Very High,False,True,125.83,151.9,66.79499686901477,81.1601388200297,90.25563642363453,1.063808437934728,19.287250430939675,0,-1,1,-1,-1,Sell
2024-12-03,129,141.7,145.9,141.7,145.0,5115471,0.0196905766526021,0.015451523534100805,5030828.3,1.0168248039790984,High,True,False,125.83,151.9,70.82805590246646,95.04214179474468,90.09291601178175,1.2766937784120866,21.045649908479326,-1,-1,1,1,0,Neutral
2024-12-04,130,145.0,146.3,142.8,143.5,5618586,-0.010344827586206917,0.015619974366936826,5221475.3,1.0760533522010534,High,False,True,125.83,151.9,66.18994643848075,86.3214460185637,87.50790887777936,1.2406652869966295,22.75902497105727,0,-1,1,-1,-1,Sell
2024-12-05,131,144.0,148.5,143.6,148.5,4862983,0.03484320557491283,0.017105079492781422,5285637.0,0.9200372632475519,Normal,False,False,130.1,151.9,72.62501275592493,99.99999999999999,93.78786260443611,1.4624981887322281,24.767899167357577,-1,-1,1,0,-1,Sell
2024-12-06,132,151.9,151.9,148.0,149.5,4554818,0.006734006734006703,0.017108377208239746,5407839.6,0.8422620375056983,Normal,False,False,131.59,151.9,73.70303441177452,90.79401611047179,92.37182070967849,1.575720784343356,27.16123334773181,-1,-1,1,0,-1,Sell
2024-12-09,133,149.2,149.5,146.1,147.0,4551406,-0.01672240802675584,0.017488883931494063,5370348.15,0.847506692838899,Normal,False,False,132.28,151.9,66.63791285979738,81.20444955887992,90.66615522311724,1.387980018888694,28.444791858379975,0,-1,1,0,0,Neutral
2024-12-10,134,147.1,149.5,147.0,149.5,3603755,0.017006802721088343,0.01739117431297828,5404453.1,0.6668121516310319,Low,False,False,132.38,151.9,69.75971147388933,88.99082568807337,86.99643045247502,1.337367762365008,29.63666761826756,0,-1,1,0,0,Neutral
2024-12-11,135,150.0,151.7,149.7,150.5,4828035,0.006688963210702337,0.01738743733548494,5472813.1,0.8821852513107017,Normal,False,False,134.27,151.9,70.93142148514056,93.10684391925157,87.76737305540162,1.276583549359727,31.136616923145578,-1,-1,1,0,-1,Sell
2024-12-12,136,151.9,151.9,149.2,150.2,4158310,-0.0019933554817276322,0.016955123646026492,5443544.4,0.7638975076606337,Low,False,False,137.35,151.9,70.05446913841055,91.33537206931693,91.14434722554729,1.126737604883953,32.27154547832178,-1,-1,1,0,-1,Sell
2024-12-13,137,149.5,150.9,149.4,149.5,3379800,-0.0046604527296936205,0.016421244806590123,5283813.35,0.6396516636985294,Low,False,False,138.04,151.9,67.94366578841463,87.70491803278686,90.71571134045179,0.900829536108867,33.325407708128246,0,-1,1,0,0,Neutral
2024-12-16,138,149.6,150.6,149.5,149.9,3291100,0.0026755852842810235,0.01639450413000825,5252819.6,0.6265396968896476,Low,False,False,141.6,151.9,68.52723643938361,88.65570051049347,89.23199687086576,0.7072359331193021,34.303994064377115,0,-1,1,0,0,Neutral
2024-12-17,139,150.1,150.5,147.7,148.0,5947500,-0.012675116744496395,0.014775749762183002,5167558.25,1.1509304225066064,High,False,True,141.7,151.9,62.68939916332031,73.19587628865976,83.18549827731337,0.3956523472845408,34.191051405633594,0,0,1,-1,0,Neutral
2024-12-18,140,148.0,149.8,148.0,148.7,2923400,0.004729729729729737,0.014527768624393434,4890025.5,0.5978291933242474,Low,False,False,142.8,153.9,63.909269205221094,76.91197691197681,79.58785123704335,0.19147280667937272,34.08617607965747,0,0,1,0,1,Buy
2024-12-19,141,147.3,149.0,147.2,148.1,4805200,-0.004034969737726879,0.014706630378528656,4971127.25,0.9666218059495459,Normal,False,False,143.6,153.9,62.03699284176458,63.10679611650478,71.07154977238044,-0.018083898449162028,33.53611914489613,0,0,-1,0,-1,Sell
2024-12-20,142,148.5,150.6,148.3,149.5,3538900,0.009453072248480687,0.014727635018078937,5002026.55,0.7074932459124992,Low,False,False,146.1,153.9,64.64002493072034,76.4705882352941,72.16312042125857,-0.09234905287119055,33.515698649894865,0,0,-1,0,-1,Sell
2024-12-23,143,149.5,149.9,148.7,149.8,2514800,0.0020066889632108786,0.014691585969910666,5035013.6,0.4994624046298505,Very Low,False,False,146.1,153.9,65.19082070720046,76.92307692307698,72.16682042495863,-0.14791193025874216,33.4967367616794,0,0,-1,0,-1,Sell
2024-12-24,144,150.0,150.8,149.4,150.4,2300900,0.004005340453938633,0.014672779537292699,4940941.45,0.46568048281567875,Very Low,False,False,147.0,153.9,66.32076126334181,81.92771084337352,78.44045866724821,-0.169357464524591,33.75255077665501,0,0,-1,0,-1,Sell
2024-12-25,145,150.6,151.2,150.4,150.8,2513100,0.0026595744680850686,0.0137759404055805,4575277.8,0.5492781225218718,Very Low,False,False,147.2,153.9,67.08779111757369,81.03448275862083,79.96175684169044,-0.18067223158564927,34.11016020982292,0,0,-1,0,-1,Sell
2024-12-26,146,151.0,151.4,149.1,149.8,2233300,-0.006631299734747964,0.014001465385915856,4449399.9,0.5019328561588721,Very Low,False,False,147.2,153.9,63.211883437849224,63.79310344827603,75.58509901675679,-0.2739770320249164,33.59473533088207,0,0,-1,0,-1,Sell
2024-12-27,147,149.5,149.9,148.7,149.6,2561700,-0.001335113484646322,0.011970210487913477,3996630.9,0.6409648686847714,Low,False,False,147.2,153.9,62.43497020439028,53.06122448979574,65.96293689889752,-0.36210182502685484,32.866389659244014,0,0,-1,0,-1,Sell
2024-12-30,148,149.4,150.8,148.5,150.5,1982400,0.006016042780748743,0.011764144779422711,3764273.2,0.5266355268793986,Very Low,False,False,144.7,153.9,64.5466509132967,70.21276595744679,62.35569796517285,-0.3713355089476864,32.53250574549796,0,0,-1,0,-1,Sell
2024-12-31,149,150.7,153.9,150.3,152.5,3603200,0.013289036544850585,0.01136369635446795,3688659.65,0.9768317876657446,Normal,False,False,144.7,153.9,68.75060784828563,79.10447761194027,67.45948935306093,-0.25959195016442216,33.18886079617196,0,0,-1,0,-1,Sell
2025-01-02,150,152.5,152.7,150.1,152.0,3172800,-0.003278688524590123,0.011045925098674293,3566370.35,0.8896440045829789,Normal,False,False,144.7,153.9,66.6236726742955,71.64179104477611,73.65301153805439,-0.23683247835146126,33.66752962502469,0,0,-1,0,-1,Sell
2025-01-03,151,151.3,151.3,149.0,149.0,4336100,-0.019736842105263164,0.009362817980831743,3540026.2,1.2248779401689174,High,False,True,144.7,153.9,55.52433613692997,26.865671641791145,59.2039800995025,-0.430043967883627,33.401627333774776,0,0,-1,-1,-2,Sell
2025-01-06,152,149.1,150.2,148.4,149.3,3467100,0.002013422818792021,0.00924849551934784,3485640.3,0.9946809485763635,High,False,False,144.7,153.9,56.308222034135696,31.34328358208981,43.28358208955235,-0.5369149585959407,32.78263673191961,0,0,-1,0,-1,Sell
2025-01-07,153,149.5,151.3,149.5,150.1,3453300,0.005358338914936311,0.008432426814617103,3430735.0,1.0065773077780709,High,True,False,144.7,153.9,58.413162065296845,43.28358208955221,33.83084577114439,-0.5509344737061248,32.60214720742038,0,0,-1,1,0,Neutral
2025-01-08,154,150.0,150.0,148.1,148.3,3879900,-0.011992005329780064,0.008033000883469688,3444542.25,1.126390596602495,High,False,True,144.7,153.9,52.30701641140552,16.417910447761493,30.34825870646783,-0.6706917914104253,31.584701167365086,0,0,-1,-1,-2,Sell
2025-01-09,155,148.3,149.2,148.0,148.8,1714400,0.003371544167228624,0.007912877376509813,3288860.5,0.5212747697872865,Very Low,False,False,144.7,153.9,53.753189940136,13.559322033898484,24.420271523737394,-0.7021363697751828,30.580942663932632,0,0,-1,0,-1,Sell
2025-01-10,156,148.8,149.1,147.2,147.3,2524700,-0.01008064516129037,0.008192850458801705,3207180.0,0.7872024644703447,Low,False,False,144.7,156.0,48.957097793299695,1.4925373134331714,10.489923265031045,-0.8026148740874253,29.17284539169713,0,1,-1,0,0,Neutral
2025-01-13,157,146.1,148.5,144.7,147.6,3488800,0.0020366598778003286,0.00816971511976559,3212630.0,1.0859638364828816,High,True,False,144.7,156.0,49.919521745686865,31.521739130434785,15.524532825922142,-0.8243941400231283,27.581847648417682,0,0,-1,1,0,Neutral
2025-01-14,158,147.6,148.0,145.1,145.1,2897200,-0.01693766937669372,0.008899447498241689,3192935.0,0.9073783211997739,Normal,False,False,144.7,156.0,42.694965626417506,4.347826086956576,12.454034176941505,-0.9725150405797063,26.104492601086772,0,1,-1,0,0,Neutral
2025-01-15,159,146.0,146.5,144.8,145.5,2840900,0.002756719503790528,0.008549709059723814,3037605.0,0.9352433907634469,Normal,False,False,144.7,156.0,44.08921672557287,8.695652173913151,14.855072463768165,-1.004771904138805,24.877738555053643,0,1,-1,0,0,Neutral
2025-01-16,160,146.2,147.0,145.2,146.5,3568000,0.0068728522336769515,0.008635876902958911,3069835.0,1.1622774513939673,High,True,False,144.7,156.0,47.52648230746344,19.565217391304436,10.869565217391383,-0.9221357991729964,23.44542637785792,0,1,-1,1,1,Buy
2025-01-17,161,146.6,150.1,146.0,149.0,3537000,0.017064846416382284,0.009457921246217131,3006425.0,1.1764803712050027,High,True,False,144.7,156.0,54.978327578039284,46.739130434782645,25.00000000000007,-0.6739906988127398,22.931207641105082,0,0,-1,1,0,Neutral
2025-01-20,162,149.0,150.4,148.2,150.0,2217700,0.006711409395973256,0.009338079427119592,2940365.0,0.754226090978501,Low,False,False,144.7,156.0,57.57372138414533,57.60869565217393,41.304347826087,-0.429306277372128,22.576476690763485,0,0,-1,0,-1,Sell
2025-01-21,163,150.5,151.4,149.0,149.9,2480300,-0.0006666666666665932,0.009330115272268463,2938640.0,0.8440298913783246,Normal,False,False,142.0,156.0,57.21849700064322,65.00000000000021,56.44927536231893,-0.26883865848120125,22.64909777670285,0,0,-1,0,-1,Sell
2025-01-22,164,149.6,150.6,149.2,149.7,2785600,-0.0013342228152102287,0.009288025898759088,2962875.0,0.9401679112348648,Normal,False,False,140.1,156.0,56.468091078208616,74.6268656716416,65.74518710793858,-0.17533750631887457,22.716531642217973,0,0,-1,0,-1,Sell
2025-01-23,165,150.1,156.0,150.0,154.3,7057800,0.03072812291249183,0.011579516910604236,3190110.0,2.212400199366166,Very High,True,False,140.1,156.0,67.14181373198878,84.9557522123895,74.86087262801043,0.17801329292314638,24.419368568465508,0,0,1,1,2,Buy
2025-01-24,166,154.1,154.5,153.4,153.4,3655700,-0.005832793259883395,0.011552397875921692,3261230.0,1.1209574301720517,High,False,True,140.1,156.0,63.84348347723802,76.99115044247795,78.85792277550301,0.32430670474962486,26.00057428569536,0,0,1,-1,0,Neutral
2025-02-03,167,148.0,149.2,145.3,145.5,12747700,-0.05149934810951762,0.016520817128971677,3770530.0,3.3808774893715206,Very High,False,True,140.1,156.0,43.59772147000514,7.079646017699209,56.34218289085555,-0.11431119217837071,24.411993853107283,0,0,-1,-1,-2,Sell
2025-02-04,168,146.0,147.0,145.3,146.2,5467700,0.004810996563573866,0.016495073286030768,3944795.0,1.3860542816546868,Very High,True,False,140.1,156.0,45.2543413520872,13.274336283185827,32.448377581120994,-0.3474546437182603,22.936883451418357,0,0,-1,1,0,Neutral
2025-02-05,169,146.9,147.5,145.8,146.3,5204100,0.0006839945280439075,0.016144705040503794,4024840.0,1.2929954979576828,Very High,False,False,140.1,156.0,45.50060739149539,14.159292035398417,11.50442477876115,-0.4770876074840732,21.389342671096227,0,1,-1,0,0,Neutral
2025-02-06,170,147.0,147.3,145.6,146.5,3426600,0.0013670539986327945,0.01615795968608099,4037530.0,0.8486871924171461,Normal,False,False,140.1,156.0,46.02357362375303,15.929203539823094,14.45427728613578,-0.527577483131478,20.02446983849533,0,1,-1,0,0,Neutral
2025-02-07,171,146.5,146.7,145.8,146.1,3865900,-0.0027303754266212454,0.015597408621379106,4014020.0,0.9630993368244304,Normal,False,False,140.1,156.0,45.09162378123172,11.607142857142717,13.89854614412141,-0.56290338417924,18.757087922508788,0,1,-1,0,0,Neutral
2025-02-10,172,145.5,145.5,142.0,142.0,7749600,-0.02806297056810403,0.016715145187456128,4228145.0,1.83286050975073,Very High,False,True,140.1,156.0,36.85394684975492,0.0,9.178782132321937,-0.8217153430659012,18.86403623756485,0,1,-1,-1,-1,Sell
2025-02-11,173,142.2,145.4,140.1,145.4,5361400,0.023943661971830954,0.01765739495989739,4323550.0,1.2400457957002926,High,True,False,139.5,156.0,45.711196652913934,33.33333333333339,14.980158730158701,-0.7265313486949914,19.476642400029732,0,0,-1,1,0,Neutral
2025-02-12,174,145.6,145.7,144.3,145.0,1887400,-0.0027510316368638543,0.017486810411438274,4223925.0,0.4468355853856307,Very Low,False,False,138.2,156.0,44.91303502684018,30.817610062893106,21.383647798742164,-0.6553104617337686,19.908112883380518,0,0,-1,0,-1,Sell
2025-02-13,175,145.0,145.0,142.7,143.1,2850800,-0.013103448275862073,0.017658364530314143,4280745.0,0.665958845948544,Low,False,False,138.2,156.0,41.230357848275304,18.86792452830188,27.672955974842793,-0.6970756134643856,20.733136624020158,0,0,-1,0,-1,Sell
2025-02-14,176,144.0,145.0,143.6,144.9,3251700,0.012578616352201255,0.017825313346859276,4317095.0,0.7532148354391089,Low,False,False,138.2,154.5,45.76723077353304,30.18867924528308,26.624737945492686,-0.5697546946240157,21.49923009747125,0,0,-1,0,-1,Sell
2025-02-17,177,145.0,145.0,143.4,143.6,2466300,-0.00897170462387864,0.01790716893888949,4265970.0,0.5781334608541551,Very Low,False,False,138.2,149.2,43.174899862792785,22.012578616352194,23.689727463312384,-0.5396644470809455,22.266569548102222,0,0,-1,0,-1,Sell
2025-02-18,178,143.8,144.4,143.1,143.9,1664400,0.002089136490250665,0.01752955131713138,4204330.0,0.39587758334859535,Very Low,False,False,138.2,147.5,43.96370154551937,23.899371069182454,25.366876310272573,-0.46875561458784365,23.06685316441992,0,0,-1,0,-1,Sell
2025-02-19,179,143.9,144.9,143.1,144.0,3029800,0.0006949270326614965,0.017516889640325058,4213775.0,0.7190227290256361,Low,False,False,138.2,147.5,44.24154602415172,27.08333333333336,24.331761006289337,-0.38767478590438753,23.50949252273872,0,0,-1,0,-1,Sell
2025-02-20,180,144.2,144.6,143.0,143.0,3385400,-0.00694444444444442,0.01748863685764504,4204645.0,0.8051571535765802,Normal,False,False,138.2,147.3,41.99892843331236,31.86813186813195,27.616945423549254,-0.37378457903624285,23.954583042370064,0,0,-1,0,-1,Sell
2025-02-21,181,142.8,142.9,141.5,142.0,5312600,-0.006993006993006978,0.016996732109790417,4293425.0,1.2373804130734787,High,False,True,138.2,146.7,39.82490433405693,25.675675675675734,28.209046959047015,-0.4018843691553138,24.86081331957067,0,0,-1,-1,-2,Sell
2025-02-24,182,142.0,142.0,139.5,140.5,7497900,-0.010563380281690127,0.016955493366203885,4557435.0,1.6452017417692189,Very High,False,True,138.2,145.7,36.75177782473381,12.5,23.347935847935897,-0.4858224946125136,26.261696487671507,0,0,-1,-1,-2,Sell
2025-02-25,183,140.4,140.4,138.2,139.0,6810400,-0.010676156583629859,0.017026599131722858,4773940.0,1.4265784655860778,Very High,False,True,138.2,145.7,33.93197033508493,8.791208791208895,15.655628155628209,-0.5992515439166539,27.878357775302415,0,1,-1,-1,-1,Sell
2025-02-26,184,139.1,141.8,138.9,141.8,3323400,0.020143884892086517,0.017836960167365138,4800830.0,0.6922552975214702,Low,False,False,137.0,145.7,42.76050024251652,42.35294117647086,21.214716655893252,-0.449437024856129,28.48035368387408,0,0,-1,0,-1,Sell
2025-02-27,185,142.0,142.2,140.7,141.3,3421700,-0.0035260930888575404,0.0160255309350554,4619025.0,0.7407840399218449,Low,False,False,135.9,145.0,41.68918544545642,41.333333333333634,30.825827767004466,-0.3520539943728107,28.792490103324443,0,0,-1,0,-1,Sell
2025-02-28,186,140.1,141.1,139.0,140.3,4694400,-0.00707714083510258,0.01603434249782519,4670960.0,1.0050182403617243,High,False,False,135.9,145.0,39.55472843401235,28.000000000000302,37.22875816993493,-0.3237454141811562,29.58106581294206,0,0,-1,0,-1,Sell
2025-03-03,187,140.5,141.4,140.3,140.5,2533900,0.0014255167498218313,0.011591647279146033,4160270.0,0.609071045869619,Low,False,False,130.8,145.0,40.21402077218821,30.666666666666817,33.333333333333584,-0.2628962659221503,30.11976512839422,0,0,-1,0,-1,Sell
2025-03-04,188,139.5,140.6,139.3,140.0,3471300,-0.003558718861209953,0.011495540383215529,4060450.0,0.8549052444926055,Normal,False,False,129.6,144.9,39.06679685667337,26.47058823529424,28.379084967320452,-0.22891430381815692,30.912087537417587,0,0,-1,0,-1,Sell
2025-03-05,189,140.0,140.1,139.1,139.1,2851100,-0.00642857142857145,0.011514831324882109,3942800.0,0.7231155523993101,Low,False,False,129.6,144.9,37.01960000776681,13.23529411764712,23.457516339869397,-0.2385588876222975,31.705825235556897,0,0,-1,0,-1,Sell
2025-03-06,190,139.5,143.5,139.5,141.6,6417100,0.01797268152408349,0.012371877433377835,4092325.0,1.5680817139401195,Very High,True,False,123.5,144.6,45.55445814959657,50.0,29.901960784313786,-0.05751837925462877,30.395060167655522,0,0,-1,1,0,Neutral
2025-03-07,191,141.7,142.7,141.1,141.4,2954500,-0.0014124293785310327,0.012369200385377104,4046755.0,0.7300911471042848,Low,False,False,123.5,143.5,45.02873714391423,47.76119402985088,36.99882938249933,0.06137281181169296,29.177921176032818,0,0,1,0,1,Buy
2025-03-10,192,141.5,141.5,139.2,139.3,5323000,-0.014851485148514865,0.011174457521823439,3925425.0,1.3560315125113842,Very High,False,True,123.5,143.5,39.83094363322509,16.417910447761493,38.05970149253746,0.013684099825729268,28.763726887787985,0,0,1,-1,0,Neutral
2025-03-11,193,138.0,138.5,137.0,137.5,5784400,-0.012921751615219024,0.009818965768117693,3946575.0,1.4656759341961068,Very High,False,True,123.5,143.5,35.995501954022075,6.5789473684210575,23.58601728201114,-0.1167996368064863,29.06911672688628,0,0,-1,-1,-2,Sell
2025-03-12,194,137.7,138.7,135.9,135.9,6185000,-0.011636363636363556,0.010018301961532338,4161455.0,1.4862590127731767,Very High,False,True,123.5,143.5,32.95754380394736,0.0,7.665619272060851,-0.27930777503040294,29.656747856258836,0,1,-1,-1,-1,Sell
2025-03-13,195,136.1,138.0,136.1,136.5,3610200,0.004415011037527616,0.009870492528344554,4199425.0,0.8596891241062764,Normal,False,False,122.7,143.5,35.16729631936134,7.894736842105194,4.82456140350875,-0.31233378330228945,30.202405333533356,0,1,-1,0,0,Neutral
2025-03-14,196,135.6,136.3,130.8,131.4,16094000,-0.03736263736263734,0.01199387729720687,4841540.0,3.3241489278204868,Very High,False,True,121.1,143.5,27.016119736716533,4.724409448818857,4.206382096974684,-0.625520434969357,31.88308095153119,1,1,-1,-1,0,Neutral
2025-03-17,197,131.6,132.1,129.6,130.0,6707000,-0.010654490106544956,0.012030462119616227,5053575.0,1.3271792740782515,Very High,False,True,121.1,143.5,25.283657554332734,2.8776978417266585,5.16561471088357,-0.8603375447796884,33.642242902153804,1,1,-1,-1,0,Neutral
2025-03-18,198,130.1,132.2,130.0,130.0,5508500,0.0,0.01197558964672175,5245780.0,1.0500821612801148,High,False,False,121.0,143.5,25.283657554332734,2.8776978417266585,3.4932683774240583,-0.9424190304737454,35.215803301125845,1,1,-1,0,1,Buy
2025-03-19,199,130.1,130.6,123.5,124.6,18128400,-0.041538461538461635,0.01439757976218365,6000710.0,3.0210425099696536,Very High,False,True,118.8,143.5,19.64749945370842,5.499999999999972,3.7517985611510962,-1.266933359852318,37.5411009186836,1,1,-1,-1,0,Neutral
2025-03-20,200,124.6,126.8,124.5,125.0,8203400,0.0032102728731941976,0.014581582324284782,6241610.0,1.3143083274988345,Very High,True,False,118.8,143.5,21.051407217449352,7.5,5.29256594724221,-1.353358274023345,39.70030584927294,1,1,-1,1,2,Buy
2025-03-21,201,125.0,129.0,125.0,128.0,6424800,0.02400000000000002,0.01610509695050887,6297220.0,1.0202597336602501,High,True,False,113.5,142.7,30.814752036674605,22.5,11.833333333333323,-1.1170123153008449,40.545708167992885,0,0,-1,1,0,Neutral
2025-03-24,202,128.5,129.3,127.3,129.0,5090200,0.0078125,0.016297151481053016,6176835.0,0.8240789983867143,Normal,False,False,105.6,141.5,33.755562791783746,27.5,19.166666666666668,-0.8158389028794466,41.17907017083509,0,0,-1,0,-1,Sell
2025-03-25,203,129.8,129.9,126.5,126.5,5629200,-0.019379844961240345,0.01659455775919346,6117775.0,0.9201384490276285,Normal,False,False,105.1,138.7,30.289256888392018,15.0,21.666666666666668,-0.7113232678155308,41.90695805789312,0,0,-1,0,-1,Sell
2025-03-26,204,126.5,126.5,122.7,123.0,9734600,-0.02766798418972327,0.016288197281863214,6438335.0,1.5119747574489366,Very High,False,True,97.8,138.7,26.228494193881616,1.499999999999987,14.666666666666663,-0.797744214203397,43.156627116559285,1,1,-1,-1,0,Neutral
2025-03-27,205,122.0,126.5,121.1,126.2,6464400,0.026016260162601723,0.017877871377285127,6590470.0,0.9808708635347707,High,False,False,97.8,138.0,34.8310296059572,25.000000000000036,13.833333333333341,-0.5699136139658822,44.51909661579915,0,0,-1,0,-1,Sell
2025-03-28,206,126.1,126.4,124.0,124.0,2944800,-0.017432646592710044,0.018075370734639773,6502990.0,0.4528378484358733,Very Low,False,False,97.8,136.3,32.062832015218035,16.477272727272766,14.325757575757597,-0.5003759251119062,45.784246865093316,0,1,-1,0,0,Neutral
2025-03-31,207,123.4,123.4,121.0,121.0,5406300,-0.024193548387096753,0.018425853067490748,6646610.0,0.8133920901030751,Normal,False,False,97.8,132.2,28.711828506835303,0.0,13.825757575757601,-0.5836121201302911,47.31401847241802,1,1,-1,0,1,Buy
2025-04-01,208,122.0,122.2,118.8,120.5,7824300,-0.004132231404958664,0.0184202013416775,6864260.0,1.1398606696133304,High,False,True,97.8,132.2,28.183144846048762,8.85416666666668,8.44381313131315,-0.5973663173352017,48.95506238773583,1,1,-1,-1,0,Neutral
2025-04-02,209,121.2,122.3,120.8,122.0,3920200,0.012448132780082943,0.018943872739151442,6917715.0,0.5666900125258123,Very Low,False,False,97.8,130.6,32.21561038788792,18.28571428571429,9.04662698412699,-0.4378526803481009,50.42309561546203,0,1,-1,0,0,Neutral
2025-04-03,210,114.7,117.6,113.5,113.5,11484900,-0.069672131147541,0.02276868394766141,7171105.0,1.6015523409572165,Very High,False,True,97.8,129.9,23.993966249343472,0.0,9.04662698412699,-0.8152787734294744,52.36351973784423,1,1,-1,-1,0,Neutral
2025-04-04,211,105.6,113.9,105.6,113.0,21574500,-0.004405286343612369,0.02271386955205324,8102105.0,2.6628265123693162,Very High,False,False,97.8,129.9,23.612228550682715,27.81954887218048,15.36842105263159,-0.9970634918203398,54.54310701134758,1,0,-1,0,0,Neutral
2025-04-08,212,106.0,108.0,105.1,105.1,16276400,-0.06991150442477878,0.02627579856393807,8649775.0,1.8817136861941495,Very High,False,True,97.8,129.9,18.581913264622273,0.0,9.273182957393493,-1.5166727343030502,56.58637011730351,1,1,-1,-1,0,Neutral
2025-04-09,213,97.8,108.0,97.8,105.3,16893300,0.0019029495718363432,0.02650553016719846,9205220.0,1.835186991728606,Very High,True,False,97.8,129.9,19.0520795805768,23.364485981308405,17.061344951162962,-1.700405187757502,58.723568986792785,1,0,-1,1,1,Buy
2025-04-10,214,112.6,112.6,112.6,112.6,1005400,0.06932573599240266,0.03226659083910718,8946240.0,0.11238240869907358,Very Low,False,False,97.8,126.5,34.02727757421491,46.10591900311525,23.15680166147455,-1.2070040375652678,59.12104561750749,0,0,-1,0,-1,Sell
2025-04-11,215,117.0,118.5,114.3,118.5,19224000,0.052397868561278926,0.03497578344202523,9726930.0,1.9763687000934518,Very High,True,False,97.8,126.5,43.17694468380647,64.48598130841121,44.65212876427828,-0.4016472894562737,57.831975382239264,0,0,-1,1,0,Neutral
2025-04-14,216,120.0,120.0,114.0,118.5,9217400,0.0,0.03422825995111859,9383100.0,0.9823405910626551,High,False,False,97.8,126.4,43.17694468380647,64.48598130841121,58.35929387331256,0.18141027121127262,56.25965873499109,0,0,1,0,1,Buy
2025-04-15,217,116.1,117.0,113.7,116.0,7762400,-0.021097046413502074,0.034404770397584925,9435870.0,0.8226480441125196,Normal,False,False,97.8,123.4,40.421981198642925,63.41463414634146,64.1288655877213,0.43461253680652234,54.83613464905658,0,0,1,0,1,Buy
2025-04-16,218,114.5,115.9,107.9,107.9,18032200,-0.06982758620689655,0.03728109357808699,10062055.0,1.7920991288558847,Very High,False,True,97.8,122.3,33.06136166616456,35.19163763066205,54.364084361804906,0.10942512538666449,54.16074801070624,0,0,1,-1,0,Neutral
2025-04-17,219,105.0,111.3,104.9,109.4,8580100,0.013901760889712733,0.03676112528224775,9584640.0,0.8951927250267094,Normal,False,False,97.8,122.3,35.407063077660865,40.55944055944058,46.3885707788147,0.051161301791581515,53.81984786169905,0,0,1,0,1,Buy
2025-04-18,220,110.5,115.0,110.5,111.6,7485500,0.02010968921389389,0.037171907932789565,9548745.0,0.7839250079460705,Low,False,False,97.8,120.0,38.794730555144724,53.90624999999997,43.21910939670087,0.20781005550180787,52.55577936145909,0,0,1,0,1,Buy
2025-04-21,221,112.0,112.5,110.0,111.7,4332300,0.0008960573476703981,0.036577810832000957,9444120.0,0.45872987636751755,Very Low,False,False,97.8,120.0,38.951460875627056,56.73469387755104,50.400128145663864,0.35645932742998987,51.44021091008718,0,0,1,0,1,Buy
2025-04-22,222,111.0,111.2,104.0,110.4,9127300,-0.011638316920322245,0.03644550325723672,9645975.0,0.946228867480996,Normal,False,False,97.8,120.0,37.60337047382854,51.428571428571466,54.02317176870749,0.4021450664308892,51.041863131095006,0,0,1,0,1,Buy
2025-04-23,223,111.7,111.7,107.7,110.4,5710800,0.0,0.03635986290118019,9650055.0,0.5917893732211889,Low,False,False,97.8,120.0,37.603370473828534,56.75675675675679,54.97334068762643,0.4629467288085376,50.54129014280145,0,0,1,0,1,Buy
2025-04-24,224,111.5,113.7,110.6,112.0,7740100,0.014492753623188248,0.036268654849951,9550330.0,0.8104536701873128,Normal,False,False,104.0,120.0,40.5407540380804,63.96396396396396,57.38309738309741,0.6310885483716264,49.549103084297954,0,0,1,0,1,Buy
2025-04-25,225,112.0,112.4,110.2,112.4,5384100,0.0035714285714285587,0.03563131005468099,9496315.0,0.5669672920496003,Very Low,False,False,104.0,120.3,41.28492689835666,65.76576576576579,62.16216216216218,0.7796752518724288,48.677199207129036,0,0,1,0,1,Buy
2025-04-28,226,112.0,112.4,109.2,109.5,3853700,-0.025800711743772298,0.035831536594306115,9541760.0,0.4038772721175129,Very Low,False,False,104.0,126.3,37.60975525273259,52.70270270270271,60.810810810810814,0.6958406987361485,47.995397548177436,0,0,1,0,1,Buy
2025-04-29,227,109.6,110.5,109.1,109.4,2945500,-0.0009132420091323423,0.03557229226165353,9418720.0,0.3127282688093499,Very Low,False,False,104.0,126.9,37.48583565652577,33.750000000000036,50.73948948948951,0.6478272474761075,47.375627445965335,0,0,1,0,1,Buy
2025-05-05,228,109.5,109.7,106.9,108.6,7167600,-0.007312614259597949,0.035578057689763576,9385885.0,0.7636573429143869,Low,False,False,104.0,126.9,36.45111071161596,28.749999999999964,38.4009009009009,0.5786338193442075,47.093684316613164,0,0,1,0,1,Buy
2025-05-06,229,108.6,111.0,108.6,109.7,5686200,0.010128913443830712,0.03552338535643346,9474185.0,0.6001782739095763,Low,False,False,104.0,126.9,38.94659584917018,35.625000000000014,32.708333333333336,0.6197271636064468,46.40857551776776,0,0,1,0,1,Buy
2025-05-07,230,109.6,111.2,108.9,109.7,3926800,0.0,0.03206348387794664,9096280.0,0.43169295580171235,Very Low,False,False,104.0,126.9,38.94659584917018,43.84615384615386,36.07371794871795,0.6561800254225245,45.705624730664006,0,0,1,0,1,Buy
2025-05-08,231,110.4,114.6,109.0,114.3,12644900,0.0419325432999087,0.03346395218813872,8649800.0,1.4618719507965503,Very High,True,False,104.0,126.9,48.71402279383283,86.55462184873943,55.3419252316311,0.9798790900422967,43.97305360774789,0,0,1,1,2,Buy
2025-05-09,232,114.3,116.4,113.5,116.0,8496900,0.014873140857392775,0.029076291951409178,8260825.0,1.0285776541689238,High,True,False,104.0,126.9,51.784013878280135,96.77419354838705,75.72498974776012,1.2793451021144113,41.849240855598964,0,0,1,1,2,Buy
2025-05-12,233,117.0,118.7,116.7,118.3,8715200,0.01982758620689662,0.02924032869804214,7851920.0,1.1099450834955018,High,True,False,106.9,126.9,55.65192798527707,97.27891156462582,93.53590898725076,1.5832985151429222,39.26087202155001,0,-1,1,1,1,Buy
2025-05-13,234,120.0,120.3,118.6,119.5,8565900,0.010143702451394843,0.02524161661896136,8229945.0,1.040821050444444,High,False,False,106.9,126.9,57.564649129081275,95.09202453987731,96.38170988429674,1.8003227162015443,36.459616966567516,0,-1,1,0,0,Neutral
2025-05-14,235,120.0,126.3,120.0,126.3,12080300,0.056903765690376584,0.025718654240409672,7872760.0,1.5344428129398076,Very High,True,False,106.9,126.9,66.40652148279048,99.99999999999999,97.45697870150104,2.304760221802015,35.12792507357752,0,-1,1,1,1,Buy
2025-05-15,236,126.5,126.9,123.6,125.0,7806300,-0.010292953285827355,0.025894959987556344,7802205.0,1.000524851628482,High,False,True,106.9,126.9,63.67500060562946,90.49999999999997,95.19734151329243,2.440723279307635,34.00164673559514,0,-1,1,-1,-1,Sell
2025-05-16,237,124.5,124.7,120.9,121.0,8012200,-0.03200000000000003,0.02653568449023547,7814695.0,1.0252735391464414,High,False,True,106.9,126.9,56.037150078169034,70.49999999999997,86.99999999999999,2.1607356887721965,32.24432450065824,0,0,1,-1,0,Neutral
2025-05-19,238,118.8,120.5,116.6,118.2,9916700,-0.023140495867768562,0.02139917279283181,7408920.0,1.3384811821426066,Very High,False,True,106.9,126.9,51.39022726380197,56.499999999999986,72.49999999999999,1.7063721453757956,30.248197870827138,0,0,1,-1,0,Neutral
2025-05-20,239,116.8,119.3,116.8,119.2,7911300,0.008460236886632888,0.021311560501911735,7375480.0,1.072648830991339,High,True,False,108.6,126.9,52.89269223482193,61.499999999999986,62.833333333333314,1.4051495759189498,28.3946517145554,0,0,1,1,2,Buy
2025-05-21,240,120.0,120.0,117.0,118.3,6024400,-0.007550335570469802,0.02114291208212374,7302425.0,0.8249862203309175,Normal,False,False,,,51.35423915022064,56.99999999999996,58.333333333333314,1.0912472055617246,26.501459250754454,0,0,1,0,1,Buy
2025-05-22,241,117.1,117.6,115.6,116.8,6350700,-0.012679628064243498,0.021434288322458785,7403345.0,0.8578149471623976,Normal,False,False,,,48.80625065489257,49.49999999999996,55.99999999999997,0.7450748911932319,25.075545243087902,0,0,1,0,1,Buy
2025-05-23,242,116.7,117.8,116.0,117.1,4440500,0.0025684931506848585,0.021176674226043416,7169005.0,0.6194025530739622,Low,False,False,,,49.34754851697123,46.44808743169396,50.98269581056463,0.509996944314598,23.696410331183962,0,0,1,0,1,Buy
2025-05-26,243,116.7,117.8,115.0,117.3,4023400,0.0017079419299743659,0.02116669922360915,7084635.0,0.5679050508600655,Very Low,False,False,,,49.72916654581932,46.666666666666615,47.538251366120186,0.34932981656669765,22.66823510418519,0,0,1,0,1,Buy
2025-05-27,244,117.4,119.4,117.4,119.0,5498200,0.01449275362318847,0.021166699223609156,6972540.0,0.7885505138729932,Low,False,False,,,52.97244630550025,55.86592178770948,49.66022529535669,0.338654687411602,21.2395745138705,0,0,1,0,1,Buy
2025-05-28,245,119.2,119.4,117.5,118.4,3933600,-0.005042016806722671,0.021247204353161336,6900015.0,0.5700857172049626,Very Low,False,False,,,51.704548960188035,36.5671641791045,46.36658421116021,0.2749987557406574,19.91296110857829,0,0,1,0,1,Buy
2025-05-29,246,119.0,119.0,117.1,117.1,2933000,-0.010979729729729826,0.02043973452917518,6853980.0,0.42792654778683337,Very Low,False,False,,,48.9696705033302,17.647058823529356,36.693381596781116,0.13617329012288598,18.80135310018604,0,0,1,0,1,Buy
2025-05-30,247,118.0,118.2,116.5,116.5,4038000,-0.005123825789923098,0.020509759423014452,6908605.0,0.5844884748802399,Low,False,False,,,47.71520520079067,12.605042016806717,22.27308833981353,0.0018724754081652362,17.95484333730981,0,0,1,0,1,Buy
2025-06-02,248,116.5,117.1,115.6,116.1,2916400,-0.0034334763948498104,0.020421812687196145,6696045.0,0.43554068110354693,Very Low,False,False,,,46.8534839835466,9.243697478991544,13.165266106442544,-0.1097928401353426,17.44834456257752,0,1,-1,0,0,Neutral
