,time,Open,High,Low,Close,Volume,SMA_20,SMA_50,EMA_20,MACD,MACD_Signal,RSI,Stoch,Stoch_Signal,BB_High,BB_Low,BB_Mid,ATR,OBV,Force_Index,Conversion_Line,Base_Line,Leading_Span_A,Leading_Span_B,Lagging_Span,Fib_Level 0.0,Fib_Level 0.236,Fib_Level 0.382,Fib_Level 0.5,Fib_Level 0.618,Fib_Level 0.786,Fib_Level 1.0
0,2024-06-03,58.86,59.73,58.86,59.0,2111127,,,,,,,,,,,,0.0,2111127,,,,,,58.93,52.0,55.9176,58.3412,60.3,62.258799999999994,65.04759999999999,68.6
1,2024-06-04,59.47,59.67,59.06,59.33,1818442,,,,,,,,,,,,0.0,3929569,,,,,,59.26,52.0,55.9176,58.3412,60.3,62.258799999999994,65.04759999999999,68.6
2,2024-06-05,59.33,59.87,59.26,59.4,1886226,,,,,,,,,,,,0.0,5815795,,,,,,58.93,52.0,55.9176,58.3412,60.3,62.258799999999994,65.04759999999999,68.6
3,2024-06-06,59.47,60.0,59.4,59.53,1702865,,,,,,,,,,,,0.0,7518660,,,,,,58.6,52.0,55.9176,58.3412,60.3,62.258799999999994,65.04759999999999,68.6
4,2024-06-07,59.6,60.0,59.2,59.2,1131101,,,,,,,,,,,,0.0,6387559,,,,,,58.53,52.0,55.9176,58.3412,60.3,62.258799999999994,65.04759999999999,68.6
5,2024-06-10,59.47,59.67,58.8,58.86,2643949,,,,,,,,,,,,0.0,3743610,,,,,,58.8,52.0,55.9176,58.3412,60.3,62.258799999999994,65.04759999999999,68.6
6,2024-06-11,59.06,59.13,58.26,58.33,2256534,,,,,,,,,,,,0.0,1487076,,,,,,58.86,52.0,55.9176,58.3412,60.3,62.258799999999994,65.04759999999999,68.6
7,2024-06-12,58.46,59.67,58.19,59.33,2251490,,,,,,,,,,,,0.0,3738566,,,,,,58.86,52.0,55.9176,58.3412,60.3,62.258799999999994,65.04759999999999,68.6
8,2024-06-13,59.47,59.6,59.13,59.13,1603414,,,,,,,,,,,,0.0,2135152,,59.095,,,,58.53,52.0,55.9176,58.3412,60.3,62.258799999999994,65.04759999999999,68.6
9,2024-06-14,59.2,59.6,58.53,58.53,2484887,,,,,,,,,,,,0.0,-349735,,59.095,,,,58.66,52.0,55.9176,58.3412,60.3,62.258799999999994,65.04759999999999,68.6
10,2024-06-17,58.6,58.73,58.26,58.26,2295281,,,,,,,,,,,,0.0,-2645016,,59.095,,,,58.53,52.0,55.9176,58.3412,60.3,62.258799999999994,65.04759999999999,68.6
11,2024-06-18,58.53,59.2,58.26,58.26,1372946,,,,,,,,,,,,0.0,-1272070,,59.095,,,,58.53,52.0,55.9176,58.3412,60.3,62.258799999999994,65.04759999999999,68.6
12,2024-06-19,58.39,58.53,57.86,57.93,2176749,,,,,,,,,,,,0.0,-3448819,,58.93,,,,58.39,52.0,55.9176,58.3412,60.3,62.258799999999994,65.04759999999999,68.6
13,2024-06-20,57.93,57.93,57.26,57.53,2654038,,,,,,28.519353372622874,9.854014598540253,,,,,0.7900000000000011,-6102857,-308183.0819363767,58.465,,,,58.39,52.0,55.9176,58.3412,60.3,62.258799999999994,65.04759999999999,68.6
14,2024-06-21,57.59,57.99,57.19,57.53,1809985,,,,,,28.519353372622874,12.09964412811399,,,,,0.7907142857142871,-4292872,-264156.92737403716,58.43,,,,58.39,52.0,55.9176,58.3412,60.3,62.258799999999994,65.04759999999999,68.6
15,2024-06-24,57.53,58.46,57.19,57.19,2153682,,,,,,25.253540099255474,0.0,7.317886242218081,,,,0.8249489795918382,-6446554,-331027.6348920329,58.43,,,,58.53,52.0,55.9176,58.3412,60.3,62.258799999999994,65.04759999999999,68.6
16,2024-06-25,57.32,57.99,57.19,57.19,1567779,,,,,,25.253540099255474,0.0,4.03321470937133,,,,0.8231669096209929,-4878775,-283737.97276459966,58.394999999999996,,,,59.67,52.0,55.9176,58.3412,60.3,62.258799999999994,65.04759999999999,68.6
17,2024-06-26,57.46,57.73,56.99,56.99,1709970,,,,,,23.42364342044864,0.0,0.0,,,,0.8172264160766359,-6588745,-292060.26236965583,58.295,,,,60.67,52.0,55.9176,58.3412,60.3,62.258799999999994,65.04759999999999,68.6
18,2024-06-27,56.99,57.53,56.99,56.99,1425080,,,,,,23.42364342044864,0.0,0.0,,,,0.797424529214019,-5163665,-250337.3677454193,58.095,,,,59.33,52.0,55.9176,58.3412,60.3,62.258799999999994,65.04759999999999,68.6
19,2024-06-28,57.53,57.53,56.86,56.99,1114085,58.275,,57.96598676059855,,,23.42364342044864,4.626334519573041,1.5421115065243471,60.070934297239184,56.47906570276081,58.275,0.7883227771273035,-4049580,-214574.88663893085,58.03,,,,58.13,52.0,55.9176,58.3412,60.3,62.258799999999994,65.04759999999999,68.6
20,2024-07-01,57.39,57.66,56.99,57.59,1180816,58.204499999999996,,57.9301784976844,,,39.77507775398698,25.97864768683286,10.201660735468634,59.991737812939284,56.41726218706071,58.204499999999996,0.7798711501896386,-2868764,-82708.53140479766,57.695,,,,58.39,52.0,55.9176,58.3412,60.3,62.258799999999994,65.04759999999999,68.6
21,2024-07-02,57.99,59.4,57.66,59.0,2428337,58.188,,58.032066259809696,,,60.90301090720563,78.10218978102186,36.23572399580926,59.939097941292836,56.43690205870717,58.188,0.8534517823189498,-440427,418243.42593874363,58.129999999999995,,,,58.66,52.0,55.9176,58.3412,60.3,62.258799999999994,65.04759999999999,68.6
22,2024-07-03,58.86,59.33,58.73,59.2,2252635,58.178,,58.14329804458973,,,62.89161524942834,85.40145985401466,63.16076577395646,59.903393868077664,56.45260613192233,58.178,0.835348083581882,1812208,422855.3650903526,58.129999999999995,,,,58.39,52.0,55.9176,58.3412,60.3,62.258799999999994,65.04759999999999,68.6
23,2024-07-04,59.26,60.0,58.86,58.86,3062719,58.14450000000001,,58.21155537367642,,,57.53409342083505,63.694267515923556,75.73263905032003,59.78764911070177,56.501350889298244,58.14450000000001,0.8571089347546047,-1250511,213686.8186488722,58.43,,,,58.66,52.0,55.9176,58.3412,60.3,62.258799999999994,65.04759999999999,68.6
24,2024-07-05,58.93,59.67,58.86,58.86,1849175,58.1275,,58.27331200475486,,,57.53409342083505,63.694267515923556,70.92999829528726,59.73322569263869,56.521774307361305,58.1275,0.8537440108435617,598664,183160.1302704619,58.43,,,,58.73,52.0,55.9176,58.3412,60.3,62.258799999999994,65.04759999999999,68.6
25,2024-07-08,58.86,59.33,58.33,58.33,1145562,58.101,,58.27871086144487,-0.05504753451062783,,49.85597611113855,46.81528662420378,58.06794055201696,59.6746695968341,56.5273304031659,58.101,0.8641908672118788,-546898,70258.9888032529,58.43,58.43,,,59.87,52.0,55.9176,58.3412,60.3,62.258799999999994,65.04759999999999,68.6
26,2024-07-09,58.53,59.13,57.99,58.93,1551172,58.13099999999999,,58.34073839845012,0.0011958192965195735,,56.872803048767814,65.92356687898089,58.81104033970274,59.74338829070419,56.5186117092958,58.13099999999999,0.8838915195538875,1004274,193179.5904027885,58.43,58.43,,,58.86,52.0,55.9176,58.3412,60.3,62.258799999999994,65.04759999999999,68.6
27,2024-07-10,59.06,59.67,58.86,59.26,1725458,58.1275,,58.428287122407255,0.07157228374033053,,60.1737487864188,76.43312101910823,63.057324840764295,59.729734377361815,56.52526562263818,58.1275,0.8786135538714671,2729732,246925.5260595326,58.43,58.43,,,58.6,52.0,55.9176,58.3412,60.3,62.258799999999994,65.04759999999999,68.6
28,2024-07-11,59.26,59.47,58.93,58.93,1446841,58.11750000000001,,58.476069301225614,0.09957011447276898,,55.59148475273953,65.92356687898089,69.42675159235667,59.69691603132298,56.538083968677036,58.11750000000001,0.8544268714520766,1282891,143442.2323367426,58.495000000000005,58.43,,,58.93,52.0,55.9176,58.3412,60.3,62.258799999999994,65.04759999999999,68.6
29,2024-07-12,59.0,59.26,58.6,58.6,1374637,58.120999999999995,,58.48787222491841,0.094046248357472,,51.378058349983405,55.41401273885356,65.9235668789809,59.70436224535006,56.53763775464993,58.120999999999995,0.840539237776928,-91746,58146.16914577972,58.83,58.43,,,59.4,52.0,55.9176,58.3412,60.3,62.258799999999994,65.04759999999999,68.6
30,2024-07-15,58.6,59.06,58.53,58.53,1174084,58.13449999999999,,58.4918843939738,0.08306263532289648,,50.50364130594051,53.18471337579622,58.17409766454356,59.72695062717811,56.542049372821864,58.13449999999999,0.8183578636500046,-1265830,38098.73355352543,58.995000000000005,58.43,,,60.74,52.0,55.9176,58.3412,60.3,62.258799999999994,65.04759999999999,68.6
31,2024-07-16,58.6,59.26,58.6,58.8,1535446,58.161500000000004,,58.52122873740487,0.09504911929496984,,53.77176613038014,61.78343949044578,56.79405520169852,59.77965048743929,56.54334951256072,58.161500000000004,0.812046587675004,269616,91880.40304587806,58.995000000000005,58.43,,,62.07,52.0,55.9176,58.3412,60.3,62.258799999999994,65.04759999999999,68.6
32,2024-07-17,59.4,60.2,58.53,58.86,3365241,58.208000000000006,,58.55349266717583,0.10814338315577743,,54.490877274135485,59.88023952095802,58.282797462400005,59.85014006710756,56.56585993289245,58.208000000000006,0.8733289742696467,3634857,107599.55403932516,59.095,58.53,,,61.81,52.0,55.9176,58.3412,60.3,62.258799999999994,65.04759999999999,68.6
33,2024-07-18,59.06,59.4,58.8,58.86,1653687,58.2745,,58.582683841730514,0.1171700185663127,0.07020570331136833,54.490877274135485,58.255451713395544,59.973043574933115,59.90913115105519,56.639868848944815,58.2745,0.8538054761075292,5288544,92228.18917656442,59.095,58.53,,,61.81,52.0,55.9176,58.3412,60.3,62.258799999999994,65.04759999999999,68.6
34,2024-07-19,58.86,59.4,58.53,58.53,1325123,58.3245,,58.577666332994276,0.09658211162508934,0.07548098497411254,49.5720903900583,34.2519685039371,50.795886579430224,59.92581789473546,56.72318210526454,58.3245,0.8549622278141341,3963421,16582.649294198403,59.095,58.53,,,61.54,52.0,55.9176,58.3412,60.3,62.258799999999994,65.04759999999999,68.6
35,2024-07-22,58.53,59.06,58.39,58.66,1463116,58.398,,58.58550763461387,0.08972170462983087,0.07832912890525622,51.43202756824592,30.316742081447707,40.94138743292678,59.91711289903022,56.878887100969784,58.398,0.8417506401131246,5426537,41385.85368074054,59.295,58.53,,,61.2,52.0,55.9176,58.3412,60.3,62.258799999999994,65.04759999999999,68.6
36,2024-07-23,58.73,59.06,58.53,58.53,1412799,58.464999999999996,,58.58022119322207,0.07295390194546059,0.07725408351329709,49.467178770316394,24.434389140271445,29.667699908552084,59.879701381917755,57.05029861808224,58.464999999999996,0.8194827372479015,4013738,9235.893154921387,59.295,58.53,,,60.94,52.0,55.9176,58.3412,60.3,62.258799999999994,65.04759999999999,68.6
37,2024-07-24,58.46,58.93,58.46,58.53,1477891,58.541999999999994,,58.57543822243902,0.05898535110220138,0.07360033703107795,49.467178770316394,24.434389140271445,26.395173453996865,59.78433006886254,57.29966993113745,58.541999999999994,0.7945196845873371,5491629,7916.479847075475,59.295,58.53,,,61.2,52.0,55.9176,58.3412,60.3,62.258799999999994,65.04759999999999,68.6
38,2024-07-25,58.6,58.66,58.33,58.39,882334,58.612,,58.557777439349586,0.036201040884805025,0.06612047780182337,47.21437291630642,18.099547511312146,22.32277526395168,59.63506598027694,57.58893401972306,58.612,0.7613397071168129,4609295,-10861.125845363948,59.265,58.53,,,61.34,52.0,55.9176,58.3412,60.3,62.258799999999994,65.04759999999999,68.6
39,2024-07-26,58.39,58.66,58.33,58.39,904427,58.682,,58.54179863560201,0.017937538111802098,0.056483889863819116,47.21437291630642,18.099547511312146,20.21116138763191,59.396663557207184,57.96733644279282,58.682,0.7305297280370404,5513722,-9309.536438883384,59.265,58.53,,,60.87,52.0,55.9176,58.3412,60.3,62.258799999999994,65.04759999999999,68.6
40,2024-07-29,58.6,58.73,58.39,58.39,454233,58.722,,58.52734162268753,0.0034241095789795395,0.0458719338068512,47.21437291630642,3.208556149732734,13.13588372411901,59.25388720608793,58.19011279391207,58.722,0.7026347474629658,5967955,-7979.602661900044,59.265,58.53,,,60.27,52.0,55.9176,58.3412,60.3,62.258799999999994,65.04759999999999,68.6
41,2024-07-30,58.39,59.06,58.39,58.53,978889,58.6985,,58.5275948014792,0.0031822597646140593,0.037333998998403777,50.05523807925056,10.695187165775527,10.667763608940135,59.22062163333846,58.176378366661545,58.6985,0.7003036940727541,6946844,12738.120575514322,58.864999999999995,58.53,,,60.33,52.0,55.9176,58.3412,60.3,62.258799999999994,65.04759999999999,68.6
42,2024-07-31,58.53,59.67,58.53,59.67,1865641,58.722,,58.63639529657642,0.0938966821634466,0.048646535631412344,66.06899315075923,71.6577540106952,28.520499108734487,59.36142474146691,58.08257525853309,58.722,0.7317105730675574,8812485,314751.35192186956,59.0,58.53,,,60.33,52.0,55.9176,58.3412,60.3,62.258799999999994,65.04759999999999,68.6
43,2024-08-01,59.73,61.14,59.67,60.67,4807705,58.8125,,58.83007193499771,0.24367126743702272,0.08765148199253442,73.95709477361447,83.27402135231323,55.20898750959466,59.87609531777835,57.74890468222165,58.8125,0.7844455321341604,13620190,956601.8730758883,59.735,59.0,,,59.53,52.0,55.9176,58.3412,60.3,62.258799999999994,65.04759999999999,68.6
44,2024-08-02,60.47,60.47,59.33,59.33,1512887,58.836,,58.877684131664594,0.2513445605438136,0.12039009770279026,55.378706358618544,35.58718861209962,63.506321325036005,59.92326077828643,57.74873922171356,58.836,0.8241279941245777,12107303,530334.6654936179,59.735,59.0,,,59.13,52.0,55.9176,58.3412,60.3,62.258799999999994,65.04759999999999,68.6
45,2024-08-05,59.2,59.2,58.13,58.13,3063084,58.826,,58.80647611912511,0.15876557866972263,0.12806519389617674,44.57884582982106,0.0,39.620403321470945,59.93515102668664,57.71684897331336,58.826,0.8509759945442504,9044219,-70527.54386261129,59.635000000000005,59.065,,,59.87,52.0,55.9176,58.3412,60.3,62.258799999999994,65.04759999999999,68.6
46,2024-08-06,58.13,58.66,57.99,58.39,1654296,58.799,,58.76681172682748,0.10516363470944867,0.12348488205883112,46.990982338648706,12.698412698412659,16.09520043683742,59.92290213097049,57.67509786902951,58.799,0.8380491377910894,10698515,993.099546332703,59.565,59.4,,,60.13,52.0,55.9176,58.3412,60.3,62.258799999999994,65.04759999999999,68.6
47,2024-08-07,58.46,58.66,58.19,58.66,714053,58.769000000000005,,58.75663918141534,0.08350782522821731,0.11548947069270837,49.45140924684552,21.26984126984111,11.322751322751252,59.87395067763228,57.66404932236773,58.769000000000005,0.8117599136631544,11412568,28393.272468284766,59.565,59.565,,,59.47,52.0,55.9176,58.3412,60.3,62.258799999999994,65.04759999999999,68.6
48,2024-08-08,58.66,58.66,58.33,58.39,962297,58.742,,58.72172116413768,0.04405090526169175,0.10120175760650506,47.09722363241916,12.698412698412659,15.555555555555472,59.85624593335584,57.62775406664416,58.742,0.7773484912586432,10450271,-12780.079312898222,59.565,59.565,,,60.54,52.0,55.9176,58.3412,60.3,62.258799999999994,65.04759999999999,68.6
49,2024-08-09,58.46,59.06,58.46,58.66,1137871,58.745000000000005,58.559200000000004,58.715842958029334,0.03417382089746468,0.087796170264697,49.67717616567501,21.26984126984111,18.412698412698287,59.85802291081542,57.63197708918459,58.745000000000005,0.769680741883026,11588142,32934.956303229446,59.565,59.565,,,60.87,52.0,55.9176,58.3412,60.3,62.258799999999994,65.04759999999999,68.6
50,2024-08-12,59.13,59.13,58.39,58.73,1061597,58.75500000000001,58.5538,58.71719124774083,0.03162996481839997,0.0765629291754376,50.353171534252766,23.49206349206334,19.153439153439034,59.86370194371618,57.64629805628384,58.75500000000001,0.7675606888913815,12649739,38845.932545625285,59.565,59.565,,,61.2,52.0,55.9176,58.3412,60.3,62.258799999999994,65.04759999999999,68.6
51,2024-08-13,58.6,59.87,58.6,59.87,1593947,58.808499999999995,58.5646,58.826982557479795,0.12021663068445321,0.08529366947724072,59.81957019244321,59.68253968253956,34.81481481481467,60.019289411912744,57.597710588087246,58.808499999999995,0.8034492111134254,14243686,292882.1678962504,59.565,59.565,58.43,,60.6,52.0,55.9176,58.3412,60.3,62.258799999999994,65.04759999999999,68.6
52,2024-08-14,59.73,59.8,58.73,58.86,1494847,58.8085,58.5538,58.83012707581505,0.10768234746629446,0.08977140507505148,50.61194714300044,27.61904761904755,36.93121693121682,60.01928941191275,57.59771058808725,58.8085,0.8274885531767522,12748839,35356.79105392937,59.230000000000004,59.565,58.43,,60.8,52.0,55.9176,58.3412,60.3,62.258799999999994,65.04759999999999,68.6
53,2024-08-15,58.86,59.4,58.6,58.6,922035,58.795500000000004,58.535199999999996,58.80821021145171,0.07589415010202316,0.08699595408044582,48.54063132745938,19.365079365079357,35.555555555555486,60.00937767093725,57.58162232906276,58.795500000000004,0.8255250850926983,11826804,-3941.1933823459867,58.93,59.565,58.43,,61.0,52.0,55.9176,58.3412,60.3,62.258799999999994,65.04759999999999,68.6
54,2024-08-16,58.86,59.47,58.86,58.93,1371799,58.8155,58.529799999999994,58.8198092389325,0.07644876299210779,0.08488651586277822,51.26674505706871,29.84126984126978,25.608465608465554,60.024391641132496,57.606608358867504,58.8155,0.828701864728934,13198603,61292.35852941738,58.93,59.565,58.462500000000006,,62.07,52.0,55.9176,58.3412,60.3,62.258799999999994,65.04759999999999,68.6
55,2024-08-19,59.4,59.73,59.06,59.4,1656591,58.8525,58.5406,58.87506550189131,0.11350495527929638,0.09061020374608186,54.92897455834016,44.761904761904674,31.322751322751262,60.08515364153927,57.61984635846073,58.8525,0.8266517315340101,14855194,163764.5601680718,59.03,59.565,58.629999999999995,,61.87,52.0,55.9176,58.3412,60.3,62.258799999999994,65.04759999999999,68.6
56,2024-08-20,59.47,60.74,59.47,60.74,3387268,58.963,58.5888,59.05267831123499,0.24813866769485315,0.12211589653583613,63.37874617286188,87.30158730158735,53.968253968253926,60.43348427397237,57.492515726027634,58.963,0.8633194649958666,18242462,788789.4972869203,59.535,59.565,58.712500000000006,,61.87,52.0,55.9176,58.3412,60.3,62.258799999999994,65.04759999999999,68.6
57,2024-08-21,60.74,62.21,60.47,62.07,2751625,59.14000000000001,58.6436,59.34004228159356,0.4568899960239108,0.18907071643345108,69.49223883630754,96.68246445497628,76.24865217282276,61.12247320284539,57.157526797154624,59.14000000000001,0.9259395032104478,20994087,1198914.033388788,60.3,60.1,58.712500000000006,,61.54,52.0,55.9176,58.3412,60.3,62.258799999999994,65.04759999999999,68.6
58,2024-08-22,62.14,62.34,61.61,61.81,1416616,59.311,58.697199999999995,59.57527635001322,0.5944941421959697,0.27015540158595486,67.13285975729889,87.81609195402297,90.60004790352885,61.575181088164115,57.046818911835885,59.311,0.9119438244097019,19577471,975023.4343332475,60.365,60.165000000000006,58.8125,,61.54,52.0,55.9176,58.3412,60.3,62.258799999999994,65.04759999999999,68.6
59,2024-08-23,61.87,62.07,60.54,61.81,1078085,59.48199999999999,58.762800000000006,59.78810717382149,0.6955287964083183,0.35523008055042754,67.13285975729889,87.81609195402297,90.77154945434073,61.94957046505262,57.01442953494736,59.48199999999999,0.9560906940947234,20655556,835734.3722856408,60.47,60.165000000000006,58.8125,,62.01,52.0,55.9176,58.3412,60.3,62.258799999999994,65.04759999999999,68.6
60,2024-08-26,61.61,61.94,61.27,61.54,1569224,59.6395,58.8284,59.954954109648014,0.7452222856469533,0.4332285215697327,64.49560943347971,80.72289156626498,85.4516918247703,62.208207651719064,57.07079234828093,59.6395,0.9356556445165285,19086332,655816.5362448343,60.47,60.165000000000006,58.8125,,61.94,52.0,55.9176,58.3412,60.3,62.258799999999994,65.04759999999999,68.6
61,2024-08-27,61.54,61.61,60.8,61.2,902760,59.773,58.8872,60.07352990872916,0.7485408622795404,0.4962909897116943,61.23345293103351,71.57107231920202,80.03668527982997,62.37450033634441,57.171499663655595,59.773,0.9266802413367766,18183572,518280.11678128707,60.47,60.165000000000006,58.9125,,61.74,52.0,55.9176,58.3412,60.3,62.258799999999994,65.04759999999999,68.6
62,2024-08-28,61.34,61.47,60.94,60.94,1032939,59.8365,58.947399999999995,60.15605086980257,0.7218697657691209,0.5414067449231796,58.78484564103002,64.55696202531634,72.2836419702611,62.486392639334674,57.18660736066533,59.8365,0.8983459383841498,17150633,405873.7943839596,60.6,60.165000000000006,58.9125,,61.54,52.0,55.9176,58.3412,60.3,62.258799999999994,65.04759999999999,68.6
63,2024-08-29,60.87,61.81,60.87,61.2,1497431,59.863,59.0208,60.25547459648804,0.7134879121980617,0.5758229783781561,60.48645951046549,71.13924050632912,69.08909161694915,62.55595451131283,57.17004548868717,59.863,0.901321228499568,18648064,403510.6894719665,60.7,60.165000000000006,58.9125,,61.2,52.0,55.9176,58.3412,60.3,62.258799999999994,65.04759999999999,68.6
64,2024-08-30,61.2,61.74,61.2,61.34,1671053,59.963499999999996,59.097,60.358762730155846,0.7099581076942627,0.6026500042413775,61.410337119425705,73.26203208556151,69.65274487240231,62.718693459632206,57.208306540367786,59.963499999999996,0.8755125693210274,20319117,379287.36526168574,60.905,60.165000000000006,58.8975,,60.87,52.0,55.9176,58.3412,60.3,62.258799999999994,65.04759999999999,68.6
65,2024-09-04,60.94,60.94,60.4,60.87,1014236,60.10050000000001,59.17059999999999,60.407451993950524,0.6616090231662852,0.6144418080263591,56.623794081296964,60.69518716577526,68.36548658588862,62.74776632585393,57.45323367414609,60.10050000000001,0.8801188143695258,19304881,257004.7530814441,61.370000000000005,60.165000000000006,58.8975,,61.47,52.0,55.9176,58.3412,60.3,62.258799999999994,65.04759999999999,68.6
66,2024-09-05,60.6,60.94,60.27,60.27,1185511,60.194500000000005,59.23219999999999,60.39436132786,0.568325734454433,0.6052185933119739,51.14344136965113,44.652406417112324,59.53654188948303,62.72298947001963,57.66601052998038,60.194500000000005,0.8651103276288449,18119370,118674.55978409594,61.30500000000001,60.165000000000006,58.8975,,61.2,52.0,55.9176,58.3412,60.3,62.258799999999994,65.04759999999999,68.6
67,2024-09-06,60.33,60.74,60.07,60.33,785854,60.278,59.299,60.38823167758762,0.49355021498554663,0.5828849176466885,51.64742201895773,42.24137931034475,49.1963242977441,62.70660124351449,57.849398756485506,60.278,0.8511738756553561,18905224,108456.9426720817,61.07,60.165000000000006,58.6975,,61.14,52.0,55.9176,58.3412,60.3,62.258799999999994,65.04759999999999,68.6
68,2024-09-09,60.27,60.33,59.67,60.33,703748,60.375,59.3658,60.38268580353166,0.4293409024103738,0.5521761145994256,51.64742201895773,38.719512195121816,41.871099307526286,62.64394248494759,58.10605751505241,60.375,0.8375185988228304,19608972,92963.09371892718,60.805,60.165000000000006,58.765,,61.14,52.0,55.9176,58.3412,60.3,62.258799999999994,65.04759999999999,68.6
69,2024-09-10,60.27,60.33,59.53,59.53,1193581,60.418499999999995,59.416599999999995,60.30147763176674,0.310324023299799,0.5038056963395003,44.5422973149079,2.0905923344948496,27.683827946653793,62.58531586665783,58.25168413334216,60.418499999999995,0.8348386989069138,18415391,-56726.60538377619,60.67,60.165000000000006,59.3675,,61.2,52.0,55.9176,58.3412,60.3,62.258799999999994,65.04759999999999,68.6
70,2024-09-11,59.26,59.53,58.86,59.13,1029054,60.4385,59.447399999999995,60.18990833350324,0.18163189267698243,0.4393709356069968,41.47033892635603,7.758620689655253,16.18957507309063,62.54926550094986,58.32773449905014,60.4385,0.8230645061278486,17386337,-107425.8903289508,60.335,60.165000000000006,59.3675,,61.67,52.0,55.9176,58.3412,60.3,62.258799999999994,65.04759999999999,68.6
71,2024-09-12,59.2,60.27,59.13,59.87,1610394,60.4385,59.4648,60.1594408731696,0.13776618472262214,0.3790499854301219,48.54100644253266,29.022988505747037,12.957400509965703,62.54926550094986,58.32773449905014,60.4385,0.8457027556901452,18996731,78162.31686089812,60.335,60.165000000000006,59.35,,61.81,52.0,55.9176,58.3412,60.3,62.258799999999994,65.04759999999999,68.6
72,2024-09-13,60.07,60.33,59.6,60.13,1625774,60.501999999999995,59.4834,60.15663698048678,0.12256922054501018,0.3277538324530996,50.790375761089926,39.563862928348996,25.448490707917085,62.491950753159514,58.512049246840476,60.501999999999995,0.837438273140849,20622505,127382.16302362815,60.3,60.265,59.4825,,61.54,52.0,55.9176,58.3412,60.3,62.258799999999994,65.04759999999999,68.6
73,2024-09-16,59.93,60.2,59.4,59.47,728926,60.545500000000004,59.495599999999996,60.09124298234518,0.05661639424580045,0.2735263448116398,45.36895041031145,19.805194805194798,29.46401541309693,62.40071400382817,58.69028599617184,60.545500000000004,0.8347641107736458,19893579,40457.402591680904,59.9,60.335,59.565,,61.14,52.0,55.9176,58.3412,60.3,62.258799999999994,65.04759999999999,68.6
74,2024-09-17,59.53,60.54,59.26,60.54,971859,60.626,59.52919999999999,60.13398174593135,0.08965487627067859,0.23675205110344755,53.9507629066249,56.949152542372815,38.772736758638864,62.32715725316625,58.92484274683375,60.626,0.866566674289814,20865438,183233.36365001224,59.9,60.365,59.565,,61.2,52.0,55.9176,58.3412,60.3,62.258799999999994,65.04759999999999,68.6
75,2024-09-18,60.6,61.47,60.0,60.87,1722387,60.6995,59.58,60.204078722509315,0.14084280519306702,0.21757020192137144,56.23420071100619,68.13559322033885,48.29664685596881,62.30686399113584,59.09213600886416,60.6995,0.9096690546976844,22587825,238255.4131285815,60.165,60.365,59.565,,61.34,52.0,55.9176,58.3412,60.3,62.258799999999994,65.04759999999999,68.6
76,2024-09-19,60.87,61.34,60.8,61.2,1346904,60.722500000000004,59.6254,60.298928367984615,0.2056670480218017,0.2151895711414575,58.45286945561917,79.32203389830512,68.13559322033892,62.34462052573173,59.10037947426828,60.722500000000004,0.8832641222192789,23934729,267715.8283959281,60.165,60.47,59.565,,61.41,52.0,55.9176,58.3412,60.3,62.258799999999994,65.04759999999999,68.6
77,2024-09-20,61.41,61.54,60.6,60.6,2181722,60.649,59.65219999999999,60.32760185674798,0.20624824057398428,0.21340130502796287,53.17468547121194,60.416666666666686,69.2914312617702,62.148838657989636,59.149161342010366,60.649,0.8873166849179016,21753007,42465.967196509344,60.2,60.47,59.565,59.0,61.54,52.0,55.9176,58.3412,60.3,62.258799999999994,65.04759999999999,68.6
78,2024-09-23,61.07,61.27,60.8,60.8,697895,60.5985,59.6896,60.37259215610532,0.22030759951858414,0.21478256392608713,54.644859132078956,72.38805970149247,70.70892008882142,62.00359465873304,59.19340534126696,60.5985,0.871794064566623,22450902,56339.257597007585,60.2,60.47,59.3975,59.0,61.54,52.0,55.9176,58.3412,60.3,62.258799999999994,65.04759999999999,68.6
79,2024-09-24,60.8,61.2,60.8,61.0,523790,60.55800000000001,59.7376,60.43234528409529,0.24476655482254728,0.22077936210537918,56.12825652588099,79.85074626865675,70.8851575456053,61.86430164969663,59.251698350303386,60.55800000000001,0.8380944885261503,22974692,63256.220797435286,60.335,60.6,59.2475,59.0,61.34,52.0,55.9176,58.3412,60.3,62.258799999999994,65.04759999999999,68.6
80,2024-09-25,61.2,62.21,61.0,62.07,2604508,60.584500000000006,59.8084,60.58831239989574,0.34649631690032123,0.2459227530643676,63.084546332590236,95.82089552238806,82.6865671641791,61.987346748579526,59.181653251420485,60.584500000000006,0.8646591679171396,25579200,452337.2692549446,60.735,60.6,59.2475,59.0,62.61,52.0,55.9176,58.3412,60.3,62.258799999999994,65.04759999999999,68.6
81,2024-09-26,62.14,62.74,61.87,61.87,1820054,60.61800000000001,59.869800000000005,60.710377885619955,0.40629603001652015,0.27799740845479814,61.13334608798553,77.57731958762875,84.41632045955784,62.10737033675314,59.128629663246876,60.61800000000001,0.8650406559230586,23759146,335716.1165042375,61.0,60.8,59.2975,59.0,62.54,52.0,55.9176,58.3412,60.3,62.258799999999994,65.04759999999999,68.6
82,2024-09-27,61.87,62.61,61.87,61.87,1073168,60.6645,59.93,60.82081808698948,0.44851750291363857,0.31210142734656626,61.13334608798553,77.57731958762875,83.65851156588184,62.24637831390412,59.08262168609588,60.6645,0.8561091804999831,24832314,287756.6712893465,61.0,60.8,59.55,59.0,61.87,52.0,55.9176,58.3412,60.3,62.258799999999994,65.04759999999999,68.6
83,2024-09-30,61.87,61.87,61.54,61.54,1278350,60.68149999999999,59.983599999999996,60.8893116025143,0.45016090757190597,0.33971332339163424,57.717192661324,69.07216494845356,74.74226804123701,62.29306166496977,59.069938335030216,60.68149999999999,0.8185299533214128,23553964,186383.5039622973,61.370000000000005,60.8,60.2,59.535,61.94,52.0,55.9176,58.3412,60.3,62.258799999999994,65.04759999999999,68.6
84,2024-10-01,61.74,62.48,61.54,61.54,1725848,60.6915,60.043800000000005,60.95128192608436,0.4463184364913886,0.3610343460115851,57.717192661323985,66.75900277008301,71.13616243538844,62.321656740930194,59.0613432590698,60.6915,0.8272063852270259,25279812,159757.28911054056,61.67,60.8,60.265,59.6,62.14,52.0,55.9176,58.3412,60.3,62.258799999999994,65.04759999999999,68.6
85,2024-10-02,61.74,62.01,61.41,62.01,1380621,60.7485,60.1108,61.05211221883823,0.4757145809554686,0.38397039300036184,61.29019626702639,79.02298850574704,71.6180520747612,62.47642679243079,59.02057320756921,60.7485,0.8109773577108099,26660433,229633.65780903454,61.67,60.8,60.3175,59.6,62.34,52.0,55.9176,58.3412,60.3,62.258799999999994,65.04759999999999,68.6
86,2024-10-03,61.94,62.81,61.81,61.94,1700784,60.831999999999994,60.179,61.136672959901254,0.4877404539007628,0.40472440518044206,60.470602212487734,75.49295774647878,73.75831634076961,62.619731523467706,59.04426847653228,60.831999999999994,0.8244789750171807,24959649,179821.00955060098,61.805,60.835,60.3175,59.6,61.67,52.0,55.9176,58.3412,60.3,62.258799999999994,65.04759999999999,68.6
87,2024-10-04,61.87,62.07,61.74,61.74,860495,60.902499999999996,60.243199999999995,61.1941326780059,0.4756497224031975,0.4189094686249932,58.08082612461802,69.8591549295775,74.79170039393443,62.716499724366074,59.08850027563392,60.902499999999996,0.7891590482302391,24099154,129546.72247194423,61.805,60.835,60.3175,59.6,61.54,52.0,55.9176,58.3412,60.3,62.258799999999994,65.04759999999999,68.6
88,2024-10-07,61.74,61.87,61.41,61.54,611894,60.963,60.3062,61.22707242295772,0.44480200145891047,0.42408797519177666,55.709837383320405,54.804270462633376,66.7187943795632,62.77729986496175,59.148700135038254,60.963,0.7656476876423649,23487260,93557.3621188091,61.905,60.835,60.38250000000001,59.6,61.47,52.0,55.9176,58.3412,60.3,62.258799999999994,65.04759999999999,68.6
89,2024-10-08,61.54,61.54,60.87,61.2,1124515,61.0465,60.36240000000001,61.22449409696174,0.3884420833235467,0.4169587968181307,51.835830628622986,27.14932126696838,50.60424888639307,62.73893345511729,59.35406654488271,61.0465,0.7588157099536247,22362745,25572.724673265548,61.84,60.835,60.432500000000005,59.6,61.87,52.0,55.9176,58.3412,60.3,62.258799999999994,65.04759999999999,68.6
90,2024-10-09,61.07,61.41,60.8,60.87,2176865,61.133500000000005,60.412,61.190732754393956,0.3135339755727813,0.39627383256906085,48.32341570632487,12.217194570135561,31.39026209991243,62.58459992764119,59.68240007235882,61.133500000000005,0.7481860163855086,20185880,-80704.1574229169,61.805,60.835,60.535000000000004,59.6,61.54,52.0,55.9176,58.3412,60.3,62.258799999999994,65.04759999999999,68.6
91,2024-10-10,61.74,62.21,61.0,61.47,1326569,61.213499999999996,60.4708,61.217329634927864,0.2991354982686403,0.3768461657089768,54.376618407519196,33.333333333333336,24.233283056812414,62.548959097089934,59.87804090291006,61.213499999999996,0.790458443786544,21512449,44530.92220892863,61.805,60.835,60.767500000000005,59.6,61.34,52.0,55.9176,58.3412,60.3,62.258799999999994,65.04759999999999,68.6
92,2024-10-11,61.47,61.47,61.0,61.2,1084336,61.266999999999996,60.501400000000004,61.21567919350616,0.2629072268962389,0.35405837794642925,51.4556829474273,19.900497512438044,21.817008471968972,62.50685644330313,60.02714355669686,61.266999999999996,0.7675685549446479,20428113,-3655.026678060556,61.805,60.835,60.73500000000001,59.6,60.87,52.0,55.9176,58.3412,60.3,62.258799999999994,65.04759999999999,68.6
93,2024-10-14,61.67,61.67,61.07,61.14,931995,61.3505,60.510799999999996,61.20847165126748,0.22674083505864218,0.32859486936887183,50.802600697919175,16.915422885572266,23.38308457711454,62.28148818467277,60.419511815327226,61.3505,0.7555993724486018,19496118,-11121.408581195064,61.805,60.835,60.61750000000001,59.6,60.2,52.0,55.9176,58.3412,60.3,62.258799999999994,65.04759999999999,68.6
94,2024-10-15,61.07,61.61,61.07,61.14,1431969,61.3805,60.547,61.201950541622956,0.1958214017379234,0.30204017584268217,50.802600697919175,16.915422885572266,17.91044776119418,62.24109223793868,60.519907762061315,61.3805,0.7401994172737015,20928087,-9532.635926738627,61.805,60.835,60.485,59.6,60.4,52.0,55.9176,58.3412,60.3,62.258799999999994,65.04759999999999,68.6
95,2024-10-16,61.14,61.41,61.07,61.2,1293521,61.397000000000006,60.6084,61.2017647757541,0.17415151635287884,0.2764624439447215,51.516274708831,19.900497512438044,17.91044776119418,62.23002100813864,60.56397899186137,61.397000000000006,0.711613744611294,22221608,2916.4920627958804,61.504999999999995,60.835,60.417500000000004,59.6,60.54,52.0,55.9176,58.3412,60.3,62.258799999999994,65.04759999999999,68.6
96,2024-10-17,61.54,61.74,61.34,61.67,1286287,61.420500000000004,60.674,61.246358606634665,0.19268193075089357,0.25970634130595593,56.80252139025071,43.283582089552354,26.699834162520876,62.2564778705207,60.58452212947931,61.420500000000004,0.6993556199962015,23507895,88864.83462525338,61.504999999999995,60.97,60.25,59.6,60.6,52.0,55.9176,58.3412,60.3,62.258799999999994,65.04759999999999,68.6
97,2024-10-18,62.01,62.27,61.54,61.81,1164056,61.480999999999995,60.73700000000001,61.300038739336124,0.21617234737895785,0.25099954252055634,58.26232540451619,50.2487562189056,37.810945273631994,62.2425221598879,60.71947784011209,61.480999999999995,0.7015445042821875,24671951,99450.97825021729,61.535,61.035,60.25,59.665000000000006,61.07,52.0,55.9176,58.3412,60.3,62.258799999999994,65.04759999999999,68.6
98,2024-10-21,61.87,62.41,61.54,61.54,1425147,61.517999999999994,60.8,61.32289219273268,0.2105745558781038,0.24291454519206584,54.44125783187061,36.81592039800996,43.44941956882263,62.21253869582647,60.82346130417352,61.517999999999994,0.7135770396906025,23246804,30273.739928757048,61.605,61.035,60.2825,60.0,61.81,52.0,55.9176,58.3412,60.3,62.258799999999994,65.04759999999999,68.6
99,2024-10-22,61.54,61.67,61.14,61.14,1260601,61.525,60.8496,61.3054738886629,0.17188027984890653,0.228707692123434,49.28437711375588,16.915422885572266,34.66003316749593,62.201091709755666,60.84890829024433,61.525,0.7004643939984166,21986203,-46085.42291820799,61.705,61.035,60.1175,60.165000000000006,62.01,52.0,55.9176,58.3412,60.3,62.258799999999994,65.04759999999999,68.6
100,2024-10-23,61.0,61.41,61.0,61.2,750353,61.481500000000004,60.898999999999994,61.295428756409294,0.1443918267793194,0.2118445190546111,50.048708336178,24.844720496894773,26.19202126015899,62.1227885466,60.84021145340001,61.481500000000004,0.6797169372842438,22736556,-33070.19392989232,61.705,61.405,60.1325,60.165000000000006,61.94,52.0,55.9176,58.3412,60.3,62.258799999999994,65.04759999999999,68.6
101,2024-10-24,61.67,61.74,61.14,61.34,756579,61.455,60.9284,61.299673636751265,0.1323778897387129,0.19595119319143148,51.871364928358425,33.540372670807855,25.100172017758286,62.07327178489749,60.836728215102504,61.455,0.6740228703353692,23493135,-13214.300511336212,61.705,61.705,60.265,60.165000000000006,62.41,52.0,55.9176,58.3412,60.3,62.258799999999994,65.04759999999999,68.6
102,2024-10-25,61.61,61.74,61.34,61.41,997728,61.432,60.9794,61.31018090944162,0.127040726647202,0.1821690998825856,52.798763015245356,37.88819875776395,32.09109730848885,62.020306042804535,60.84369395719547,61.432,0.6544498081685571,24490863,-1349.2632954320125,61.705,61.705,60.317499999999995,60.165000000000006,63.01,52.0,55.9176,58.3412,60.3,62.258799999999994,65.04759999999999,68.6
103,2024-10-28,61.2,61.74,61.2,61.54,1106555,61.432,61.038199999999996,61.33206844187575,0.13178180141428442,0.17209164018892537,54.55031691171292,45.9627329192548,39.13043478260886,62.020306042804535,60.84369395719547,61.432,0.6462748218708031,25597418,19393.795746772965,61.705,61.805,60.335,60.165000000000006,62.21,52.0,55.9176,58.3412,60.3,62.258799999999994,65.04759999999999,68.6
104,2024-10-29,61.61,61.94,61.54,61.54,1298643,61.432,61.0904,61.35187144741139,0.13399453177122922,0.16447221850538615,54.55031691171292,38.29787234042556,40.71626800581476,62.020306042804535,60.84369395719547,61.432,0.6286837631657456,26896061,16623.25349723397,61.705,61.805,60.335,60.165000000000006,62.54,52.0,55.9176,58.3412,60.3,62.258799999999994,65.04759999999999,68.6
105,2024-10-30,61.54,61.81,61.27,61.34,627682,61.3985,61.1292,61.350740833372214,0.11824673325578061,0.15522712145546505,51.16280755359887,24.113475177305265,36.124693478995205,61.92432411508062,60.872675884919374,61.3985,0.6223492086539065,26268379,-3685.2684309419274,61.705,61.805,60.4675,60.165000000000006,62.88,52.0,55.9176,58.3412,60.3,62.258799999999994,65.04759999999999,68.6
106,2024-10-31,61.2,63.55,61.2,62.61,2892451,61.432,61.166599999999995,61.47067027781296,0.20587171466668508,0.16535604009770907,65.72011350243497,63.13725490196083,41.84953413989721,62.143971909558466,60.72002809044154,61.432,0.7457528366071985,29160830,521614.45134490525,62.275,62.175,60.667500000000004,60.165000000000006,63.01,52.0,55.9176,58.3412,60.3,62.258799999999994,65.04759999999999,68.6
107,2024-11-01,62.88,63.48,62.54,62.54,1732251,61.472,61.176,61.57251120373553,0.2665936036391443,0.18560355280599614,64.5775227523583,60.39215686274513,49.214295647337075,62.32468047942963,60.61931952057037,61.472,0.7596276339923984,27428579,429775.5911527759,62.275,62.175,60.9,60.365,63.75,52.0,55.9176,58.3412,60.3,62.258799999999994,65.04759999999999,68.6
108,2024-11-04,62.88,63.75,61.81,61.87,1856395,61.4885,61.1772,61.600843470046435,0.2576823359834961,0.20001930944149615,54.763538686069516,31.636363636363544,51.72192513368983,62.35840286814123,60.61859713185877,61.4885,0.8439399458500841,25572184,190695.55670237893,62.375,62.275,60.9,60.365,63.21,52.0,55.9176,58.3412,60.3,62.258799999999994,65.04759999999999,68.6
109,2024-11-05,61.94,62.21,61.54,61.94,1084183,61.5255,61.17979999999999,61.633144091946775,0.25334806832185564,0.21068506121756805,55.52403526602067,34.1818181818181,42.07011289364225,62.40605607430779,60.64494392569221,61.5255,0.8315156640036497,26656367,174295.16431632487,62.445,62.275,61.085,60.365,62.41,52.0,55.9176,58.3412,60.3,62.258799999999994,65.04759999999999,68.6
110,2024-11-06,62.07,62.48,62.07,62.14,1417991,61.589,61.19179999999999,61.68141608318994,0.2630195330505174,0.22115195558415793,57.71153113250856,41.454545454545475,35.757575757575694,62.45435310711891,60.723646892881085,61.589,0.8106931165748176,28074358,189909.8836997076,62.475,62.275,61.235,60.365,62.54,52.0,55.9176,58.3412,60.3,62.258799999999994,65.04759999999999,68.6
111,2024-11-07,62.34,62.81,62.34,62.34,1420301,61.63250000000001,61.2146,61.744138360981374,0.2835539338145665,0.23363235123023965,59.8387574075941,48.727272727272855,41.45454545454547,62.55512397540947,60.70987602459054,61.63250000000001,0.800643608248045,29494659,203359.92888546424,62.475,62.275,61.235,60.365,62.27,52.0,55.9176,58.3412,60.3,62.258799999999994,65.04759999999999,68.6
112,2024-11-08,62.54,62.81,61.67,61.67,1381249,61.656000000000006,61.2292,61.73707756469744,0.24296346223295728,0.23549857343078318,50.64742293466329,24.363636363636427,38.181818181818244,62.55705271765884,60.75494728234117,61.656000000000006,0.8248833505160419,28113410,42103.2490446833,62.475,62.275,61.32,60.400000000000006,62.27,52.0,55.9176,58.3412,60.3,62.258799999999994,65.04759999999999,68.6
113,2024-11-11,62.07,62.07,61.47,61.54,1874368,61.676,61.236000000000004,61.71830827282149,0.1980226259541098,0.22800338393544853,49.07240121800703,19.636363636363605,30.909090909090953,62.54762836117257,60.80437163882743,61.676,0.8088202540506104,26239042,1278.8077525850058,62.475,62.275,61.32,60.400000000000006,62.21,52.0,55.9176,58.3412,60.3,62.258799999999994,65.04759999999999,68.6
114,2024-11-12,61.54,62.34,61.47,61.47,1337197,61.69250000000001,61.2386,61.69465986588611,0.15497185535439684,0.2133970782192382,48.20315260147572,12.643678160919478,18.881226053639825,62.53492210322403,60.85007789677599,61.69250000000001,0.8131902359041385,24901845,-12275.849069212905,62.475,62.275,61.370000000000005,60.400000000000006,62.27,52.0,55.9176,58.3412,60.3,62.258799999999994,65.04759999999999,68.6
115,2024-11-13,61.47,62.14,61.47,61.87,1332711,61.726,61.25860000000001,61.71135892627791,0.15138539000870566,0.2009947405771317,53.29437978633565,26.274509803921386,19.518183867068146,62.540233381777234,60.911766618222764,61.726,0.8029623619109858,26234556,65632.75794067439,62.61,62.275,61.337500000000006,60.400000000000006,61.81,52.0,55.9176,58.3412,60.3,62.258799999999994,65.04759999999999,68.6
116,2024-11-14,61.54,61.87,61.47,61.54,1720202,61.7195,61.284000000000006,61.69503902853716,0.12052550530756179,0.18490089352321773,49.01403967028142,13.333333333333202,17.417173766058013,62.5374847186839,60.901515281316094,61.7195,0.7741793360602011,24514354,-24838.58747942153,62.61,62.375,61.32,60.400000000000006,61.87,52.0,55.9176,58.3412,60.3,62.258799999999994,65.04759999999999,68.6
117,2024-11-15,61.54,61.87,61.27,61.34,1509691,61.696000000000005,61.3042,61.6612257877241,0.07901960697695642,0.16372463621396546,46.572695650340414,5.490196078431401,15.032679738561988,62.52910023406574,60.86289976593427,61.696000000000005,0.7617379549130435,23004663,-64424.24641093182,62.040000000000006,62.375,61.32,60.400000000000006,61.81,52.0,55.9176,58.3412,60.3,62.258799999999994,65.04759999999999,68.6
118,2024-11-18,61.34,61.74,60.8,60.87,1876350,61.6625,61.315,61.585870950798,0.008107354929023813,0.13260117995697715,41.3591558235133,2.372881355932211,7.065470255898929,62.56867603146429,60.75632396853571,61.6625,0.7744709581335407,21128313,-181204.28263794314,61.805,62.275,61.32,60.400000000000006,61.61,52.0,55.9176,58.3412,60.3,62.258799999999994,65.04759999999999,68.6
119,2024-11-19,61.2,61.27,60.2,60.2,1577896,61.6155,61.3284,61.453883241198184,-0.10099036225872737,0.08588287151383625,35.293739405016126,0.0,2.621025811454528,62.7043062270213,60.526693772978696,61.6155,0.7955801754097164,19550417,-306345.1451182357,61.505,61.975,61.32,60.400000000000006,61.81,52.0,55.9176,58.3412,60.3,62.258799999999994,65.04759999999999,68.6
120,2024-11-20,60.2,61.0,60.13,60.4,1641687,61.5755,61.3538,61.353513408703115,-0.1693604784342142,0.03483420152422616,38.206928117693316,7.458563535911497,3.2771482972812263,62.775524583081676,60.37547541691832,61.5755,0.8008958771661651,21192104,-215676.21010134593,61.47,61.94,61.32,60.400000000000006,61.61,52.0,55.9176,58.3412,60.3,62.258799999999994,65.04759999999999,68.6
121,2024-11-21,60.47,61.07,60.33,60.54,1461608,61.5355,61.367200000000004,61.27603594120758,-0.209828683660767,-0.014098375512772477,40.23530994546218,11.325966850828642,6.261510128913369,62.81496043315155,60.25603956684845,61.5355,0.7965461716542963,22653712,-155633.1629440107,61.235,61.94,61.17,60.400000000000006,61.67,52.0,55.9176,58.3412,60.3,62.258799999999994,65.04759999999999,68.6
122,2024-11-22,60.87,61.07,60.6,60.6,1730814,61.49499999999999,61.376599999999996,61.21165156585448,-0.23435700759997502,-0.058150101930212986,41.12724287627455,17.53731343283578,12.107281273191964,62.83751256977367,60.15248743022631,61.49499999999999,0.7775071593932752,24384526,-118564.30538058004,61.235,61.94,61.2375,60.400000000000006,61.54,52.0,55.9176,58.3412,60.3,62.258799999999994,65.04759999999999,68.6
123,2024-11-25,60.8,61.67,60.8,61.07,1814963,61.47149999999999,61.40860000000001,61.198160940535004,-0.21341074279336425,-0.08920223010284324,47.710398881509946,35.07462686567156,21.312635716445318,62.82643579183676,60.116564208163226,61.47149999999999,0.7983995051508984,26199489,20235.25395950251,61.135000000000005,61.94,61.285,60.400000000000006,61.0,52.0,55.9176,58.3412,60.3,62.258799999999994,65.04759999999999,68.6
124,2024-11-26,61.14,62.14,61.14,61.81,1760827,61.485,61.434000000000005,61.25643132715072,-0.13553648127487605,-0.09846908033724981,56.04438346882791,62.6865671641791,38.43283582089547,62.84775456337535,60.12224543662465,61.485,0.8177995404972629,27960316,203489.07196528834,61.135000000000005,61.94,61.31999999999999,60.5,61.47,52.0,55.9176,58.3412,60.3,62.258799999999994,65.04759999999999,68.6
125,2024-11-27,61.74,62.34,61.74,62.01,1048309,61.5185,61.456799999999994,61.328199772183986,-0.05702489197947358,-0.09018024266569458,57.99306692539118,70.14925373134312,55.97014925373125,62.89818510900145,60.13881489099855,61.5185,0.8022424304617441,29008625,204370.8902559608,61.235,61.94,61.37,60.57,61.54,52.0,55.9176,58.3412,60.3,62.258799999999994,65.04759999999999,68.6
126,2024-11-28,62.27,62.54,61.87,61.94,1290948,61.48499999999999,61.471599999999995,61.38646646054742,-0.0004471523095261887,-0.07223362459446091,57.03992279232769,75.10373443983393,69.31318511178539,62.787420822929484,60.1825791770705,61.48499999999999,0.7927965425716197,27717677,162265.5687908235,61.335,61.94,61.555,60.6,62.14,52.0,55.9176,58.3412,60.3,62.258799999999994,65.04759999999999,68.6
127,2024-11-29,61.94,62.41,61.87,62.41,1011316,61.4785,61.5078,61.48394584525719,0.0813781098513715,-0.041511277705294426,61.60306085495821,94.6058091286306,79.95293243326921,62.76093947225603,60.19606052774397,61.4785,0.7747396466736467,28728993,206987.41896356284,61.335,61.94,61.705,60.6,61.74,52.0,55.9176,58.3412,60.3,62.258799999999994,65.04759999999999,68.6
128,2024-12-02,63.48,63.61,62.81,63.01,1575332,61.5355,61.552,61.62928433618507,0.19242208322698673,0.005275394481161804,66.49564096649993,82.75862068965512,84.15605475270654,62.9742838614609,60.0967161385391,61.5355,0.8051153861969579,30304325,312446.24482591136,61.870000000000005,61.94,61.705,60.705,61.81,52.0,55.9176,58.3412,60.3,62.258799999999994,65.04759999999999,68.6
129,2024-12-03,63.14,63.14,61.94,62.21,2447450,61.549,61.5762,61.68459058988173,0.21341183919675188,0.04690268342427982,56.21106132949456,59.77011494252874,79.0448482536048,63.00764183403615,60.09035816596385,61.549,0.8333214300400326,27856875,-11897.504434932103,61.97,61.94,61.754999999999995,60.705,61.47,52.0,55.9176,58.3412,60.3,62.258799999999994,65.04759999999999,68.6
130,2024-12-04,62.07,62.81,61.87,62.54,1205482,61.568999999999996,61.58559999999999,61.766058152750134,0.2537495472733795,0.08827205619409977,59.026251287487234,69.25287356321836,70.59386973180074,63.069865083876735,60.068134916123256,61.568999999999996,0.8409413278943163,29062357,46632.0047700579,62.105000000000004,61.94,61.754999999999995,60.705,61.14,52.0,55.9176,58.3412,60.3,62.258799999999994,65.04759999999999,68.6
131,2024-12-05,62.21,63.28,62.21,62.88,2334456,61.596000000000004,61.6058,61.87214785248822,0.3095839391023816,0.13253443277575613,61.75443743541058,79.0229885057472,69.34865900383143,63.16906579646255,60.02293420353746,61.596000000000004,0.8573026616161509,31396813,153358.15266005078,62.205,61.94,61.754999999999995,60.835,61.47,52.0,55.9176,58.3412,60.3,62.258799999999994,65.04759999999999,68.6
132,2024-12-06,62.88,63.75,62.81,63.01,1702183,61.663,61.6286,61.98051472367982,0.3601711812578401,0.17806178247217294,62.77502857029078,79.55801104972369,75.9446243728964,63.35278223449069,59.973217765509304,61.663,0.8632096143578541,33098996,163061.81513718527,62.445,61.94,62.224999999999994,61.205,61.34,52.0,55.9176,58.3412,60.3,62.258799999999994,65.04759999999999,68.6
133,2024-12-09,63.01,63.75,62.81,63.75,1958838,61.7735,61.672799999999995,62.14903713094841,0.4547318845846746,0.2333958028946733,68.00838126419126,100.00000000000001,86.19366651849028,63.690427489499896,59.8565725105001,61.7735,0.8686946419037216,35057834,346844.4301175879,62.745000000000005,61.94,62.224999999999994,61.205,61.14,52.0,55.9176,58.3412,60.3,62.258799999999994,65.04759999999999,68.6
134,2024-12-10,63.75,63.75,63.21,63.21,914482,61.8605,61.706199999999995,62.25008121371523,0.4805588528939069,0.28282841289452004,61.24220687581571,84.2105263157895,87.92284578850439,63.87013155827141,59.85086844172859,61.8605,0.8452164531963129,34143352,226749.4715293612,62.81,61.94,62.325,61.305,62.01,52.0,55.9176,58.3412,60.3,62.258799999999994,65.04759999999999,68.6
135,2024-12-11,63.21,63.41,62.34,62.41,1611488,61.8875,61.7142,62.26531157431378,0.4314995391430898,0.312562638144234,52.85282664166362,57.460317460317334,80.55694792536893,63.9113762313937,59.8636237686063,61.8875,0.8612724208251471,32531864,10186.632739451492,62.81,61.94,62.36,61.305,61.87,52.0,55.9176,58.3412,60.3,62.258799999999994,65.04759999999999,68.6
136,2024-12-12,62.54,63.14,62.54,62.54,672349,61.9375,61.7262,62.29147237676008,0.39851575157030794,0.32975326082944884,53.956611351755676,58.98305084745764,66.88463154118814,63.9739368391876,59.9010631608124,61.9375,0.8518958193376368,33204213,21217.880919530096,62.81,61.94,62.375,61.305,61.34,52.0,55.9176,58.3412,60.3,62.258799999999994,65.04759999999999,68.6
137,2024-12-13,62.34,62.61,62.14,62.27,1228466,61.983999999999995,61.7368,62.28942738849722,0.34659380117487615,0.33312136889853433,51.271808237232584,43.29501915708823,53.24612915495439,64.00616122008122,59.96183877991877,61.983999999999995,0.8246175465278055,31975747,-29196.933497544927,62.81,61.94,62.375,61.305,61.14,52.0,55.9176,58.3412,60.3,62.258799999999994,65.04759999999999,68.6
138,2024-12-16,62.21,62.34,62.14,62.27,1122982,62.05400000000001,61.751400000000004,62.28757716102129,0.3019644235012535,0.3268899798190782,51.271808237232584,26.36815920398018,42.88207640284201,64.0130038284803,60.09499617151973,62.05400000000001,0.7800020074901053,33098729,-25025.942997895654,62.81,61.94,62.375,61.305,61.0,52.0,55.9176,58.3412,60.3,62.258799999999994,65.04759999999999,68.6
139,2024-12-17,62.21,62.27,62.07,62.21,1049241,62.1545,61.7716,62.280188859971645,0.25877087206463756,0.3132661582681901,50.62262205806824,18.08510638297888,29.24942824801575,63.91935098521104,60.38964901478896,62.1545,0.7385732926693837,32049488,-30444.302569625186,62.91,61.94,62.375,61.305,61.87,52.0,55.9176,58.3412,60.3,62.258799999999994,65.04759999999999,68.6
140,2024-12-18,62.21,62.41,62.21,62.27,531269,62.24799999999999,61.7996,62.2792184923553,0.2267671394910593,0.295966354512764,51.286856619811225,21.276595744681124,21.909953777213385,63.81858715135467,60.67741284864531,62.24799999999999,0.7001037717644273,32580757,-21541.382202535704,62.91,61.94,62.375,61.305,61.94,52.0,55.9176,58.3412,60.3,62.258799999999994,65.04759999999999,68.6
141,2024-12-19,62.07,62.07,61.67,61.81,1870599,62.3115,61.806400000000004,62.23453101689289,0.16241359243777964,0.2692558020977671,46.16000703340964,6.730769230769264,15.364157119476411,63.69190972178568,60.93109027821433,62.3115,0.6929535023526825,30710158,-141389.11903074512,62.71,61.94,62.442499999999995,61.305,61.27,52.0,55.9176,58.3412,60.3,62.258799999999994,65.04759999999999,68.6
142,2024-12-20,61.81,62.14,61.74,61.87,1246769,62.375,61.819799999999994,62.1998137771888,0.11492960437680466,0.23839056255357463,46.90554838359578,9.615384615384418,12.54091653027826,63.53368028377133,61.21631971622867,62.375,0.6720282521846336,31956927,-110504.08202635383,62.71,61.94,62.4925,61.305,61.54,52.0,55.9176,58.3412,60.3,62.258799999999994,65.04759999999999,68.6
143,2024-12-23,61.94,62.07,61.81,61.81,707967,62.412,61.8332,62.162688655551776,0.07163098576063476,0.20503864719498666,46.21634559364752,6.730769230769264,7.692307692307639,63.44171063896631,61.382289361033685,62.412,0.6425976627428739,31248960,-100786.07316544566,62.54,61.94,62.2075,61.305,61.94,52.0,55.9176,58.3412,60.3,62.258799999999994,65.04759999999999,68.6
144,2024-12-24,62.01,62.07,61.54,61.61,1025356,62.402,61.842600000000004,62.11005164073732,0.020936843132467686,0.16821828638248287,43.900772978298455,3.16742081447965,6.504524886877768,63.45843930256329,61.34556069743671,62.402,0.6345549725469545,30223604,-115683.94842752528,62.34,61.94,62.04,61.305,62.14,52.0,55.9176,58.3412,60.3,62.258799999999994,65.04759999999999,68.6
145,2024-12-25,61.67,62.74,61.67,61.81,1829185,62.391999999999996,61.8548,62.081475294000434,-0.003064970529294442,0.13396163500012742,46.77275347650508,12.217194570135883,7.371794871794923,63.46672042876294,61.31727957123705,62.391999999999996,0.6699439030793151,32052789,-46895.24150930665,62.14,61.94,61.74,61.305,62.21,52.0,55.9176,58.3412,60.3,62.258799999999994,65.04759999999999,68.6
146,2024-12-26,61.87,62.07,61.54,61.61,2203884,62.37550000000001,61.85360000000001,62.03657288504801,-0.037789297808117794,0.09961144843847838,44.328787555896874,3.16742081447965,6.184012066365052,63.48697604562601,61.26402395437401,62.37550000000001,0.6599479100022212,29848905,-103164.0355794066,62.14,62.04,61.705,61.305,61.67,52.0,55.9176,58.3412,60.3,62.258799999999994,65.04759999999999,68.6
147,2024-12-27,61.87,62.21,61.67,61.67,1640901,62.338499999999996,61.8508,62.001661181710105,-0.05977799527376959,0.06773355969602879,45.252993011552505,5.882352941176584,7.088989441930696,63.491414133836685,61.18558586616331,62.338499999999996,0.6556659164306341,31489806,-74361.4504966337,62.14,62.175,61.5875,61.305,61.47,52.0,55.9176,58.3412,60.3,62.258799999999994,65.04759999999999,68.6
148,2024-12-30,61.67,61.87,61.54,61.54,1707785,62.265,61.8508,61.95769345011867,-0.08669474690328371,0.03684789837616629,43.56544256721419,0.0,3.0165912518854014,63.424715482349185,61.105284517650816,62.265,0.6324040652570172,29782021,-95454.39328282951,62.14,62.275,61.5875,61.44,61.2,52.0,55.9176,58.3412,60.3,62.258799999999994,65.04759999999999,68.6
149,2024-12-31,61.67,61.81,61.0,61.0,2375289,62.204499999999996,61.848,61.866484550107366,-0.14987231872807882,-0.0004961450446827336,37.33694466947047,0.0,1.9607843137255185,63.48892165973655,60.920078340263444,62.204499999999996,0.6450894891672304,27406732,-265054.63138528215,61.870000000000005,62.375,61.5375,61.504999999999995,61.27,52.0,55.9176,58.3412,60.3,62.258799999999994,65.04759999999999,68.6
150,2025-01-02,61.27,61.87,61.2,61.47,1631368,62.150999999999996,61.8534,61.82872411676381,-0.1601695921665609,-0.03243083446905837,44.74195230035242,27.01149425287347,9.00383141762448,63.46388841871668,60.838111581283314,62.150999999999996,0.6611545256552852,29038100,-117654.97547309929,61.870000000000005,62.375,61.5375,61.504999999999995,61.27,52.0,55.9176,58.3412,60.3,62.258799999999994,65.04759999999999,68.6
151,2025-01-03,61.47,61.81,61.47,61.54,1403040,62.08399999999999,61.8574,61.80122658183392,-0.16082791645976613,-0.058110250867199925,45.76982612418683,31.034482758620605,19.348659003831347,63.37786861775079,60.790131382249186,62.08399999999999,0.6382149166799079,30441140,-86816.72183408505,61.870000000000005,62.375,61.5875,61.504999999999995,61.27,52.0,55.9176,58.3412,60.3,62.258799999999994,65.04759999999999,68.6
152,2025-01-06,61.54,62.48,61.47,62.14,1938268,62.040499999999994,61.87200000000001,61.83349071689736,-0.1116476529691468,-0.0688177312875893,53.71685865766631,65.5172413793103,41.18773946360145,63.26347138151322,60.81752861848677,62.040499999999994,0.6647709940599144,32379408,91722.92414221319,61.870000000000005,62.375,61.6375,61.875,61.27,52.0,55.9176,58.3412,60.3,62.258799999999994,65.04759999999999,68.6
153,2025-01-07,62.34,62.34,61.74,61.74,1253566,61.94,61.876000000000005,61.82458683909761,-0.10375260148254029,-0.07580470532657951,48.60330070703174,42.528735632183974,46.360153256704955,62.8827831139771,60.9972168860229,61.94,0.6601444944842063,31125842,6987.306407611563,61.870000000000005,62.375,61.6375,61.94,61.34,52.0,55.9176,58.3412,60.3,62.258799999999994,65.04759999999999,68.6
154,2025-01-08,61.74,61.81,61.2,61.81,1054219,61.86999999999999,61.881400000000006,61.82319761632641,-0.09080060842059368,-0.07880388594538235,49.50913368791217,46.55172413793111,51.53256704980845,62.61164681621398,61.128353183786004,61.86999999999999,0.6565627448781916,32180061,16531.30977795281,61.739999999999995,62.375,61.905,61.94,61.34,52.0,55.9176,58.3412,60.3,62.258799999999994,65.04759999999999,68.6
155,2025-01-09,61.54,61.67,61.34,61.47,739048,61.823,61.88400000000001,61.78955974810485,-0.10674077786298852,-0.08439126432890359,45.330194577189474,27.01149425287347,38.69731800766284,62.54055417913935,61.10544582086065,61.823,0.6432368345297492,31441013,-21726.923047469372,61.739999999999995,62.375,61.955,61.94,62.27,52.0,55.9176,58.3412,60.3,62.258799999999994,65.04759999999999,68.6
156,2025-01-10,61.47,61.81,61.14,61.14,1113334,61.75300000000001,61.8546,61.727696914952006,-0.14433788180944873,-0.09638058782501262,41.65509934808615,8.045977011494276,27.203065134099607,62.4499677180475,61.05603228195251,61.75300000000001,0.6451484892061957,30327679,-71108.82261211633,61.739999999999995,62.375,62.0225,61.94,62.54,52.0,55.9176,58.3412,60.3,62.258799999999994,65.04759999999999,68.6
157,2025-01-13,61.07,61.47,60.94,61.47,938736,61.71300000000001,61.8332,61.70315435162324,-0.14582463980956106,-0.10626939822192231,46.340158541156235,29.44444444444444,21.500638569604053,62.37777364568726,61.04822635431275,61.71300000000001,0.636923597120039,31266415,-16695.722238957096,61.709999999999994,62.345,62.0725,61.94,61.94,52.0,55.9176,58.3412,60.3,62.258799999999994,65.04759999999999,68.6
158,2025-01-14,61.47,61.47,61.0,61.34,678628,61.6665,61.8226,61.66856822289722,-0.15569802981181624,-0.11615512453990111,44.81352302796851,22.222222222222484,19.904214559387057,62.29820483613815,61.03479516386185,61.6665,0.6250004830400362,30587787,-26913.710490534213,61.709999999999994,62.345,62.192499999999995,61.94,61.74,52.0,55.9176,58.3412,60.3,62.258799999999994,65.04759999999999,68.6
159,2025-01-15,61.47,61.47,61.14,61.14,446062,61.613,61.806599999999996,61.618228392145106,-0.17761367121173777,-0.12844683387426845,42.49411092232817,12.987012987013179,21.55122655122669,62.23264828733751,60.99335171266249,61.613,0.6039290199657478,30141725,-35813.523277600936,61.709999999999994,62.345,62.3425,61.94,62.88,52.0,55.9176,58.3412,60.3,62.258799999999994,65.04759999999999,68.6
160,2025-01-16,61.47,62.34,61.41,62.01,2461599,61.6,61.804,61.65553997384557,-0.12335824870499579,-0.12742911684041391,53.716159840405986,69.48051948051953,34.896584896585054,62.1731317475069,61.0268682524931,61.6,0.6465055185396231,32603324,275244.284333484,61.709999999999994,62.175,62.375,61.94,62.41,52.0,55.9176,58.3412,60.3,62.258799999999994,65.04759999999999,68.6
161,2025-01-17,62.01,62.21,61.67,61.87,1124326,61.602999999999994,61.7946,61.675964738241234,-0.09061273820876892,-0.12006584111408493,51.95898897626659,60.389610389610404,47.6190476190477,62.181103796908744,61.024896203091245,61.602999999999994,0.6388979815010786,31478998,213437.15228584336,61.64,62.04,62.375,61.94,62.41,52.0,55.9176,58.3412,60.3,62.258799999999994,65.04759999999999,68.6
162,2025-01-20,61.74,61.87,61.27,61.34,1763550,61.576499999999996,61.788000000000004,61.643968096503976,-0.10620400219937665,-0.11729347333114327,45.84488970780203,25.974025974026357,51.94805194805209,62.15180079089143,61.00119920910856,61.576499999999996,0.6361195542510012,29715448,49420.201959295824,61.64,61.84,62.375,61.94,62.21,52.0,55.9176,58.3412,60.3,62.258799999999994,65.04759999999999,68.6
163,2025-01-21,61.61,61.61,61.07,61.14,1266355,61.543000000000006,61.78,61.59597113493217,-0.1331634939048385,-0.12046747744588233,43.7526337911861,12.987012987013179,33.11688311688331,62.13771337634218,60.948286623657836,61.543000000000006,0.629253871804501,28449093,6178.601679395908,61.64,61.84,62.375,61.94,62.21,52.0,55.9176,58.3412,60.3,62.258799999999994,65.04759999999999,68.6
164,2025-01-22,61.54,61.54,61.0,61.0,979719,61.5125,61.7706,61.53921197922435,-0.16393616126490684,-0.12916121420968724,42.29744049964947,3.8961038961040457,14.285714285714517,62.15127617363228,60.87372382636772,61.5125,0.6228785952470366,27469374,-14298.435703375013,61.64,61.84,62.375,61.94,62.54,52.0,55.9176,58.3412,60.3,62.258799999999994,65.04759999999999,68.6
165,2025-01-23,61.07,62.14,61.07,61.87,1686458,61.515499999999996,61.770599999999995,61.5707156002506,-0.11677587317078064,-0.12668414600190592,52.802754464795036,60.389610389610404,25.757575757575864,62.16037130499061,60.87062869500938,61.515499999999996,0.659815838443677,29155832,197346.83511139223,61.64,61.84,62.425,61.94,63.61,52.0,55.9176,58.3412,60.3,62.258799999999994,65.04759999999999,68.6
166,2025-01-24,61.61,62.21,61.61,61.94,945437,61.532,61.7786,61.60588554308388,-0.07291210474181042,-0.11592973774988682,53.53574174499753,71.42857142857113,45.238095238095184,62.20209253092412,60.861907469075874,61.532,0.655543278554843,30101269,178608.8000954791,61.67,61.84,62.425,61.94,64.75,52.0,55.9176,58.3412,60.3,62.258799999999994,65.04759999999999,68.6
167,2025-02-03,61.74,61.81,61.27,61.27,1436966,61.512,61.7772,61.573896443742555,-0.09116229067646486,-0.11097624833520243,46.14825793657414,23.57142857142886,51.79653679653679,62.188272134573275,60.835727865426726,61.512,0.656575901515211,28664303,15555.0829389832,61.67,61.84,62.325,61.94,64.75,52.0,55.9176,58.3412,60.3,62.258799999999994,65.04759999999999,68.6
168,2025-02-04,61.61,61.67,61.34,61.54,855942,61.512,61.7906,61.57066821100517,-0.08288352135830479,-0.10535770293982291,49.19101237249774,42.85714285714278,45.95238095238091,62.188272134573275,60.835727865426726,61.512,0.6382490514069815,29520245,46347.8339476994,61.67,61.84,62.325,61.94,66.7,52.0,55.9176,58.3412,60.3,62.258799999999994,65.04759999999999,68.6
169,2025-02-05,61.54,62.07,61.54,61.94,1346904,61.559000000000005,61.8254,61.605842667099914,-0.04354393261776579,-0.09299494887541149,53.39250689612409,71.42857142857113,45.95238095238091,62.216811523158654,60.901188476841355,61.559000000000005,0.630516976306483,30867149,116692.65766945636,61.605000000000004,61.84,62.239999999999995,61.94,65.5,52.0,55.9176,58.3412,60.3,62.258799999999994,65.04759999999999,68.6
170,2025-02-06,62.07,62.48,62.01,62.14,1352924,61.59250000000001,61.86019999999999,61.65671479404278,0.00372832559909142,-0.07365029398051091,55.379307371502115,77.92207792207815,64.06926406926401,62.295461592123154,60.88953840787686,61.59250000000001,0.624051477998877,32220073,138677.24943096316,61.739999999999995,61.84,62.14,61.94,66.0,52.0,55.9176,58.3412,60.3,62.258799999999994,65.04759999999999,68.6
171,2025-02-07,62.14,62.34,61.87,62.21,2262521,61.62600000000001,61.8936,61.70940862318156,0.046306552685251745,-0.04965892464735839,56.08491771714849,81.75675675675699,77.03580203580208,62.37791488880081,60.874085111199214,61.62600000000001,0.6130478009989576,34482594,141491.4237979685,61.739999999999995,61.709999999999994,62.04,61.94,67.3,52.0,55.9176,58.3412,60.3,62.258799999999994,65.04759999999999,68.6
172,2025-02-10,62.14,62.14,61.47,61.67,2299299,61.6025,61.915,61.70565542097379,0.03606092943155659,-0.0325149538315754,49.5723991628336,45.27027027027048,68.31636831636852,62.317143267651986,60.88785673234801,61.6025,0.6221158152133179,32183295,-56096.131030312405,61.739999999999995,61.709999999999994,62.09,61.94,66.8,52.0,55.9176,58.3412,60.3,62.258799999999994,65.04759999999999,68.6
173,2025-02-11,61.67,61.74,61.34,61.47,1040604,61.589,61.923,61.68321204754771,0.01166836500849655,-0.02367829006356101,47.37807291627883,31.756756756756747,52.92792792792806,62.30294397539324,60.87505602460676,61.589,0.606250399840938,31142691,-77813.94088312534,61.775,61.709999999999994,62.1575,61.94,66.5,52.0,55.9176,58.3412,60.3,62.258799999999994,65.04759999999999,68.6
174,2025-02-12,61.47,61.87,61.2,61.2,1057688,61.5585,61.9108,61.63719185254317,-0.02911405287291302,-0.024765442625431414,44.513428277406156,13.513513513513734,30.18018018018031,62.284096995583845,60.83290300441616,61.5585,0.610803942709442,30085003,-107494.20075696398,61.84,61.709999999999994,62.207499999999996,61.94,66.8,52.0,55.9176,58.3412,60.3,62.258799999999994,65.04759999999999,68.6
175,2025-02-13,61.47,61.47,61.14,61.27,863094,61.548500000000004,61.896,61.60222119992001,-0.05515026001221912,-0.030842406102788957,45.43457719698932,18.243243243243494,21.171171171171316,62.28414325593341,60.8128567440666,61.548500000000004,0.5907465182301961,30948097,-83506.94636311196,61.81,61.709999999999994,62.1225,61.94,66.0,52.0,55.9176,58.3412,60.3,62.258799999999994,65.04759999999999,68.6
176,2025-02-14,61.67,61.67,61.2,61.27,948437,61.55499999999999,61.882600000000004,61.57058108564191,-0.07492050480783519,-0.039658025843798204,45.43457719698933,18.243243243243494,16.6666666666669,62.27828417651729,60.831715823482696,61.55499999999999,0.5821217669280391,31896534,-71577.38259695312,61.81,61.709999999999994,62.1225,61.94,66.5,52.0,55.9176,58.3412,60.3,62.258799999999994,65.04759999999999,68.6
177,2025-02-17,61.2,61.54,61.2,61.27,788528,61.544999999999995,61.85979999999999,61.541954315580774,-0.08955621791199775,-0.04963766425743812,45.43457719698933,18.243243243243494,18.243243243243494,62.27817119419702,60.81182880580297,61.544999999999995,0.5648273550046075,32685062,-61352.04222595982,61.81,61.709999999999994,62.1225,61.94,66.2,52.0,55.9176,58.3412,60.3,62.258799999999994,65.04759999999999,68.6
178,2025-02-18,61.27,61.54,61.14,61.27,1067903,61.5415,61.825,61.516053904573084,-0.10000236102310112,-0.05971060361057072,45.43457719698932,14.184397163120803,16.890294549869257,62.27920658123694,60.80379341876306,61.5415,0.5530539725042782,33752965,-52587.46476510842,61.81,61.709999999999994,62.1225,61.94,65.8,52.0,55.9176,58.3412,60.3,62.258799999999994,65.04759999999999,68.6
179,2025-02-19,61.27,61.34,61.07,61.34,1510842,61.55150000000001,61.8076,61.49928686604231,-0.10146298755147853,-0.06806108039875229,46.62638790490758,19.148936170213034,17.192192192192437,62.27239597030384,60.83060402969618,61.55150000000001,0.5328358316111157,35263807,-29966.549798664306,61.705,61.709999999999994,62.1225,61.94,65.5,52.0,55.9176,58.3412,60.3,62.258799999999994,65.04759999999999,68.6
180,2025-02-20,61.67,61.74,61.34,61.34,1638352,61.517999999999994,61.78360000000001,61.484116688323994,-0.10145107970276257,-0.07473908025955435,46.62638790490759,19.148936170213034,17.494089834515616,62.21233709392504,60.823662906074944,61.517999999999994,0.5233475579246073,36902159,-25685.614113140837,61.605000000000004,61.709999999999994,62.0575,61.94,64.8,52.0,55.9176,58.3412,60.3,62.258799999999994,65.04759999999999,68.6
181,2025-02-21,61.61,62.27,61.61,62.27,2515484,61.538,61.7714,61.55896271800742,-0.02609757834318316,-0.06501077987628011,60.06600262315084,85.10638297872381,41.13475177304995,62.29220421637663,60.78379578362336,61.538,0.5523941609299925,39417643,312183.7764744506,61.67,61.709999999999994,62.0575,61.94,64.0,52.0,55.9176,58.3412,60.3,62.258799999999994,65.04759999999999,68.6
182,2025-02-24,62.41,62.54,62.01,62.54,1957924,61.598,61.76200000000001,61.652394840101955,0.05477593501081657,-0.041053436898860776,62.9804539806431,100.0,68.08510638297894,62.46251373615478,60.733486263845215,61.598,0.5507945780064217,41375567,343106.01983524224,61.805,61.739999999999995,62.0575,61.94,64.5,52.0,55.9176,58.3412,60.3,62.258799999999994,65.04759999999999,68.6
183,2025-02-25,62.54,62.61,61.87,61.94,1928951,61.638,61.72580000000001,61.67978580771129,0.06965089920542766,-0.01891256967800309,53.6160340224831,56.49350649350636,80.53329649074338,62.48795529294211,60.788044707057885,61.638,0.5643092510059632,39446616,128752.21700163584,61.84,61.805,62.027499999999996,61.94,64.8,52.0,55.9176,58.3412,60.3,62.258799999999994,65.04759999999999,68.6
184,2025-02-26,61.94,62.14,61.67,61.74,771099,61.675,61.696400000000004,61.68552049269117,0.06455691503646932,-0.002218672735108606,50.899280926460435,43.50649350649364,66.66666666666666,62.473511114512704,60.87648888548729,61.675,0.5575728759341085,38675517,88327.64314425977,61.84,61.805,62.027499999999996,61.94,60.3,52.0,55.9176,58.3412,60.3,62.258799999999994,65.04759999999999,68.6
185,2025-02-27,63.48,63.81,62.88,62.88,5035025,61.72550000000001,61.705799999999996,61.7992804457682,0.15077038139940413,0.028379138091793942,62.548242778884365,66.05839416058397,55.35279805352798,62.67955398170144,60.77144601829858,61.72550000000001,0.6656033847959579,43710542,895699.1941236516,62.44,62.405,62.027499999999996,61.94,60.0,52.0,55.9176,58.3412,60.3,62.258799999999994,65.04759999999999,68.6
186,2025-02-28,63.01,63.01,62.41,62.41,2073877,61.749,61.703199999999995,61.85744421283789,0.1791054860267849,0.058524407678792134,56.58753493121582,48.90510948905092,52.82333238537617,62.74525097239619,60.75274902760381,61.749,0.660917428739104,41636665,628496.1392488425,62.44,62.405,61.942499999999995,61.94,55.8,52.0,55.9176,58.3412,60.3,62.258799999999994,65.04759999999999,68.6
187,2025-03-03,62.54,62.54,62.21,62.41,1252949,61.806000000000004,61.705999999999996,61.91006857351999,0.19926426616473947,0.0866723793759816,56.58753493121582,48.90510948905092,54.622871046228596,62.81645336359496,60.79554663640505,61.806000000000004,0.6372804695434535,42889614,538710.9764990079,62.44,62.405,61.84,61.94,52.5,52.0,55.9176,58.3412,60.3,62.258799999999994,65.04759999999999,68.6
188,2025-03-04,62.34,62.48,62.01,62.21,2501823,61.83950000000001,61.7048,61.93863347127999,0.1968329484247917,0.10870449318574363,54.045711011880556,41.60583941605839,46.47201946472006,62.85685883541668,60.822141164583336,61.83950000000001,0.6253318645760639,40387791,390271.6084277226,62.575,62.405,61.74,61.94,56.1,52.0,55.9176,58.3412,60.3,62.258799999999994,65.04759999999999,68.6
189,2025-03-05,62.21,62.74,62.21,62.21,1822854,61.852999999999994,61.7048,61.96447790258666,0.19268495933025065,0.12550058641464504,54.045711011880556,41.60583941605839,44.03892944038923,62.88242896792366,60.82357103207633,61.852999999999994,0.6185224456777737,42210645,334518.52150947653,62.71,62.405,61.74,61.94,59.8,52.0,55.9176,58.3412,60.3,62.258799999999994,65.04759999999999,68.6
190,2025-03-06,62.54,63.01,62.34,62.54,2359429,61.873000000000005,61.71019999999999,62.01928953091174,0.21356405665697054,0.14311328046311014,57.683116158344504,53.64963503649627,45.62043795620434,62.93885364849044,60.807146351509566,61.873000000000005,0.6314851281293611,44570074,397960.38557955076,62.74,62.44,61.74,61.94,59.3,52.0,55.9176,58.3412,60.3,62.258799999999994,65.04759999999999,68.6
191,2025-03-07,62.61,63.75,62.54,63.61,4003619,61.943,61.7462,62.170785766063005,0.31284467072597266,0.17705955851568264,66.84639505750494,92.7007299270072,62.65206812652061,63.245752470732796,60.6402475292672,61.943,0.6728076189772639,48573693,953090.6633539008,62.74,62.44,61.74,61.94,60.0,52.0,55.9176,58.3412,60.3,62.258799999999994,65.04759999999999,68.6
192,2025-03-10,64.48,65.15,64.28,64.75,4434646,62.097,61.8038,62.41642521691415,0.47800361712504014,0.23724837023755416,73.44423529122433,90.19607843137243,78.84881446495862,63.87555109569572,60.31844890430428,62.097,0.7347499319074597,53008339,1539148.6314462011,63.410000000000004,63.11,61.755,61.94,59.3,52.0,55.9176,58.3412,60.3,62.258799999999994,65.04759999999999,68.6
193,2025-03-11,64.21,64.75,63.95,64.75,3644714,62.261,61.8626,62.6386704343509,0.6019543173849939,0.31018955966704215,73.44423529122433,89.50131233595786,90.79937356477915,64.35497134650895,60.16702865349106,62.261,0.7394106510569267,56653053,1319270.2555253154,63.58,63.11,61.755,61.94,58.1,52.0,55.9176,58.3412,60.3,62.258799999999994,65.04759999999999,68.6
194,2025-03-12,66.0,68.6,65.6,66.7,7581491,62.536,61.9644,63.02546372631748,0.847762366678289,0.41770412106929156,80.96079328673802,72.81831187410597,84.17190088047874,65.32849279318687,59.743507206813135,62.536,0.9615956045528601,64234544,3242789.8547359877,65.30499999999999,64.835,61.755,61.94,58.1,52.0,55.9176,58.3412,60.3,62.258799999999994,65.04759999999999,68.6
195,2025-03-13,67.2,67.2,65.2,65.5,4514555,62.7475,62.038199999999996,63.26113384762058,0.9349594153647374,0.5211551799283808,68.17279377984097,55.2669552669553,72.52885982567304,65.75675156808144,59.73824843191856,62.7475,1.0357673470847986,59719989,2005610.4469165592,65.30499999999999,64.835,61.722500000000004,61.94,58.2,52.0,55.9176,58.3412,60.3,62.258799999999994,65.04759999999999,68.6
196,2025-03-14,65.4,66.8,65.4,66.0,4929265,62.984,62.126,63.521978243085286,1.0325074231348594,0.6234256285696765,70.27928906481249,62.481962481962526,63.52240987434126,66.22606970930619,59.741930290693816,62.984,1.0617839651501695,64649254,2071185.0259284794,65.30499999999999,64.835,61.79,61.94,58.5,52.0,55.9176,58.3412,60.3,62.258799999999994,65.04759999999999,68.6
197,2025-03-17,66.0,67.3,66.0,67.3,4946897,63.2855,62.2386,63.88178983898192,1.2008711622922519,0.7389147353141916,74.92598167259308,81.24098124098126,66.32996632996635,66.93041687148016,59.64058312851983,63.2855,1.0787993962108715,69596151,2694010.89365298,65.405,64.835,61.724999999999994,61.94,58.0,52.0,55.9176,58.3412,60.3,62.258799999999994,65.04759999999999,68.6
198,2025-03-18,67.8,67.8,66.8,66.8,3663486,63.562,62.3438,64.15971461622173,1.279208893400849,0.8469735669315231,70.36899819964215,72.68588770864949,72.1362771438644,67.38789911001334,59.73610088998666,63.562,1.0731708679100949,65932665,2047474.6231311262,65.47,64.835,61.724999999999994,62.04,58.2,52.0,55.9176,58.3412,60.3,62.258799999999994,65.04759999999999,68.6
199,2025-03-19,67.2,67.2,66.5,66.5,3679899,63.81999999999999,62.4538,64.38259893848632,1.3020751055981634,0.9379938746648513,67.70813942250979,68.13353566009113,74.02013486990728,67.70717892564787,59.93282107435212,63.81999999999999,1.0465158059165167,62252766,1597268.2912552527,65.57,64.835,61.74249999999999,62.175,57.5,52.0,55.9176,58.3412,60.3,62.258799999999994,65.04759999999999,68.6
200,2025-03-20,66.5,67.0,66.2,66.8,1693378,64.09299999999999,62.5604,64.61282761101144,1.3290833903043477,1.0162117777927506,68.97166381015032,72.68588770864949,71.16843702579669,68.01193403874076,60.174065961259224,64.09299999999999,1.0289075340653366,63946144,1441660.4496473589,66.275,64.835,61.775,62.275,57.5,52.0,55.9176,58.3412,60.3,62.258799999999994,65.04759999999999,68.6
201,2025-03-21,67.0,67.0,66.0,66.0,1707373,64.2795,62.6496,64.7449392671056,1.2712798140450303,1.0672253850432067,62.00433899509992,60.54628224582708,67.12190187152255,68.18866602359135,60.37033397640864,64.2795,1.026842710203527,62238771,1040580.6139834513,66.275,64.835,61.76,62.345,57.3,52.0,55.9176,58.3412,60.3,62.258799999999994,65.04759999999999,68.6
202,2025-03-24,66.3,66.5,65.5,66.5,1983215,64.47749999999999,62.7368,64.91208790833363,1.2513906324852258,1.1040584345316107,64.4232835723407,67.13615023474183,66.78944006307279,68.41522967584127,60.5397703241587,64.47749999999999,1.0249253737604178,64221986,1033584.4548429583,66.9,64.835,61.76,62.345,57.1,52.0,55.9176,58.3412,60.3,62.258799999999994,65.04759999999999,68.6
203,2025-03-25,66.5,66.6,66.2,66.2,2028100,64.6905,62.826,65.03474620277805,1.1976154545396724,1.122769838533223,61.87784271009365,61.661341853035225,63.1145914445347,68.51539986797056,60.86560013202944,64.6905,0.9802878470632445,62193886,799010.9612939651,66.5,64.835,61.76,62.345,57.0,52.0,55.9176,58.3412,60.3,62.258799999999994,65.04759999999999,68.6
204,2025-03-26,66.4,66.6,65.8,65.8,1507400,64.89349999999999,62.9058,65.10762751679918,1.1099270335904379,1.120201277544666,58.55574004796772,53.7953795379538,60.86429054191027,68.4949068084571,61.292093191542875,64.89349999999999,0.967410143701584,60686486,598729.3953948261,66.6,64.835,61.76,62.345,57.0,52.0,55.9176,58.3412,60.3,62.258799999999994,65.04759999999999,68.6
205,2025-03-27,65.8,65.9,65.5,65.5,901500,65.02449999999999,62.986399999999996,65.14499632472307,1.0046449142303118,1.097090004881795,56.12209247256263,33.333333333333336,49.59668490810744,68.51222404298294,61.53677595701705,65.02449999999999,0.9268808477228998,59784986,474560.91033842275,66.65,64.97,61.707499999999996,62.345,57.1,52.0,55.9176,58.3412,60.3,62.258799999999994,65.04759999999999,68.6
206,2025-03-28,65.5,65.7,64.8,64.8,1650600,65.144,63.0596,65.1121395318923,0.8548695225466787,1.048645908414772,50.81516644816531,18.27956989247303,35.136094254586716,68.42272780206002,61.865272197939994,65.144,0.9249607871712645,58134386,241706.49457579028,66.3,65.10499999999999,61.6575,62.345,56.6,52.0,55.9176,58.3412,60.3,62.258799999999994,65.04759999999999,68.6
207,2025-03-31,64.7,65.2,64.0,64.0,1771900,65.2235,63.110200000000006,65.00622148123588,0.6639643635632382,0.9717095994444652,45.51772290632175,0.0,17.204301075268777,68.30433933368836,62.14266066631165,65.2235,0.9446064452304601,56362486,4674.138207820991,65.6,65.13499999999999,61.69,62.345,56.6,52.0,55.9176,58.3412,60.3,62.258799999999994,65.04759999999999,68.6
208,2025-04-01,64.7,65.3,64.0,64.5,1715200,65.338,63.1734,64.95800991159437,0.5467142889914527,0.8867105373538627,49.08996651427492,13.157894736842115,10.479154876438372,68.11785323353614,62.55814676646386,65.338,0.9699916991425699,58077686,126520.68989241798,65.5,65.13499999999999,61.772499999999994,62.345,56.8,52.0,55.9176,58.3412,60.3,62.258799999999994,65.04759999999999,68.6
209,2025-04-02,65.0,66.0,64.6,64.8,2330700,65.4675,63.2466,64.94296134858538,0.4725529566176334,0.8038790212066169,51.15917724601827,21.05263157894731,11.403508771929799,67.86781560424902,63.06718439575098,65.4675,1.0078494349181006,60408386,208333.44847921448,65.5,65.13499999999999,61.822500000000005,62.345,58.7,52.0,55.9176,58.3412,60.3,62.258799999999994,65.04759999999999,68.6
210,2025-04-03,64.0,64.4,60.3,60.3,9806100,65.35549999999999,63.212399999999995,64.50077455348202,0.05008977077926602,0.6531211711211468,30.882698875083292,0.0,11.403508771929799,68.41129760455455,62.29970239544544,65.35549999999999,1.2572887609953791,50602286,-6125349.90130353,63.449999999999996,64.44999999999999,61.822500000000005,62.345,58.7,52.0,55.9176,58.3412,60.3,62.258799999999994,65.04759999999999,68.6
211,2025-04-04,56.7,60.0,56.2,60.0,11887700,65.175,63.175,64.0721293579123,-0.30540235226538215,0.461416466443841,30.028237867279927,32.75862068965517,17.93708408953415,68.96109297297376,61.388907027026235,65.175,1.460339563781423,38714586,-5759772.772545878,61.4,62.4,62.4225,62.375,57.5,52.0,55.9176,58.3412,60.3,62.258799999999994,65.04759999999999,68.6
212,2025-04-08,59.8,59.8,55.8,55.8,7181200,64.72749999999999,63.0642,63.28430751430161,-0.9154841882432052,0.18603633550643178,21.189210239653903,0.0,10.91954022988505,70.30203809745714,59.15296190254284,64.72749999999999,1.6560295949398929,31533386,-9245668.090753613,61.199999999999996,62.199999999999996,62.4225,62.375,57.0,52.0,55.9176,58.3412,60.3,62.258799999999994,65.04759999999999,68.6
213,2025-04-09,52.0,59.7,52.0,52.5,8995800,64.115,62.891400000000004,62.25723060817765,-1.6462835276760472,-0.18042763713006404,16.963969491319233,3.3333333333333335,12.03065134099616,71.82713978089097,56.402860219109016,64.115,2.0877417667299007,22537586,-12165735.506360237,59.0,60.3,62.4225,62.375,57.1,52.0,55.9176,58.3412,60.3,62.258799999999994,65.04759999999999,68.6
214,2025-04-10,56.1,56.1,56.1,56.1,174400,63.585,62.7934,61.67082769311311,-1.9129065596798256,-0.5269234216400164,32.7243834464242,27.33333333333334,10.222222222222216,71.94353456055552,55.22646543944448,63.585,2.195760211963479,22711986,-10338081.862594489,59.0,60.3,62.49,62.375,57.1,52.0,55.9176,58.3412,60.3,62.258799999999994,65.04759999999999,68.6
215,2025-04-11,59.8,59.9,58.0,59.8,8059500,63.3,62.751999999999995,61.492653627102335,-1.8048430484613647,-0.782507347004286,44.4039979651438,53.42465753424658,28.030441400304408,71.76593172663239,54.834068273367606,63.3,2.310348768251802,30771486,-4601191.596509567,59.0,60.3,62.557500000000005,62.375,56.9,52.0,55.9176,58.3412,60.3,62.258799999999994,65.04759999999999,68.6
216,2025-04-14,60.0,60.0,58.7,59.3,3619500,62.964999999999996,62.6992,61.283829472140205,-1.7394959322821038,-0.9739050640598497,43.30976544411966,50.00000000000001,43.58599695585997,71.50696113313569,54.423038866864296,62.964999999999996,2.2381809990909587,27151986,-4202414.22557963,59.0,60.3,62.59,62.375,56.8,52.0,55.9176,58.3412,60.3,62.258799999999994,65.04759999999999,68.6
217,2025-04-15,59.1,60.9,58.3,60.0,5633100,62.6,62.6738,61.16155999860304,-1.6126342779276186,-1.1016509068334035,45.34055752228989,54.794520547945226,52.73972602739726,70.99237749389295,54.20762250610706,62.6,2.2640252134416046,32785086,-3038759.336211109,59.0,60.3,62.59,62.375,57.0,52.0,55.9176,58.3412,60.3,62.258799999999994,65.04759999999999,68.6
218,2025-04-16,59.7,60.3,59.0,59.3,2625800,62.225,62.629000000000005,60.98426857016465,-1.5507041011207932,-1.1914615456908815,43.656373486738076,52.142857142857125,52.31245923026745,70.50265063287893,53.94734936712108,62.225,2.195166269624347,30159286,-2867230.8596095233,58.2,60.3,63.260000000000005,63.045,56.8,52.0,55.9176,58.3412,60.3,62.258799999999994,65.04759999999999,68.6
219,2025-04-17,59.3,59.3,58.1,58.1,3151800,61.80500000000001,62.5522,60.70957632538707,-1.5802379614445599,-1.2692168288416172,40.854729670792544,43.57142857142858,50.169602087410304,70.02460461336194,53.585395386638076,61.80500000000001,2.124082964651179,27007486,-2997935.0225224467,56.45,60.3,63.345,63.045,56.8,52.0,55.9176,58.3412,60.3,62.258799999999994,65.04759999999999,68.6
220,2025-04-18,58.7,59.6,58.1,58.1,2165400,61.370000000000005,62.4714,60.461045246778774,-1.5853686159837537,-1.3324471862700447,40.854729670792544,43.57142857142858,46.428571428571416,69.40494866193934,53.33505133806067,61.370000000000005,2.079505610033238,29172886,-2569658.590733526,56.45,59.9,65.07,64.77,56.7,52.0,55.9176,58.3412,60.3,62.258799999999994,65.04759999999999,68.6
221,2025-04-21,58.5,58.9,58.1,58.2,1290500,60.980000000000004,62.3912,60.245707604228414,-1.563344272776753,-1.3786266035713863,41.21930568862571,44.2857142857143,43.80952380952382,68.83330503673457,53.12669496326543,60.980000000000004,1.9881123521737207,30463386,-2184128.792057308,56.45,59.9,65.07,64.77,56.4,52.0,55.9176,58.3412,60.3,62.258799999999994,65.04759999999999,68.6
222,2025-04-22,58.1,58.8,54.7,58.5,3850700,60.580000000000005,62.327799999999996,60.07944973715904,-1.5043412201470332,-1.4037695268865158,42.36704926134663,46.42857142857143,44.76190476190476,68.0746914546231,53.085308545376904,60.580000000000005,2.138961469875597,34314086,-1707080.39319198,57.8,59.9,65.07,64.77,56.2,52.0,55.9176,58.3412,60.3,62.258799999999994,65.04759999999999,68.6
223,2025-04-23,59.4,59.4,58.0,58.0,1928700,60.17,62.258399999999995,59.88140690504866,-1.4808563074582537,-1.4191868830008634,40.93251150430894,48.38709677419352,46.367127496159746,67.277207609181,53.06279239081899,60.17,2.086178507741626,32385386,-1600976.0513074114,57.8,59.9,65.12,64.77,,52.0,55.9176,58.3412,60.3,62.258799999999994,65.04759999999999,68.6
224,2025-04-24,58.2,58.6,58.0,58.2,1861200,59.790000000000006,62.1984,59.72127291409164,-1.4296261757794824,-1.4212747415565872,41.78166889152071,69.66292134831464,54.82619651702652,66.45120109289611,53.12879890710389,59.790000000000006,1.9800229000457956,34246586,-1319088.0439777805,57.8,59.6,65.1525,64.77,,52.0,55.9176,58.3412,60.3,62.258799999999994,65.04759999999999,68.6
225,2025-04-25,58.2,59.0,57.5,57.5,3682000,59.39000000000001,62.123000000000005,59.50972311274958,-1.4290370278741236,-1.4228271988200945,39.63403286986686,61.797752808988776,59.94925697716564,65.5754345037354,53.20456549626462,59.39000000000001,1.9457355500425244,30564586,-1498846.8948380991,57.8,59.5,65.20249999999999,64.77,,52.0,55.9176,58.3412,60.3,62.258799999999994,65.04759999999999,68.6
226,2025-04-28,57.7,58.3,57.5,57.5,1654600,59.025,62.0476,59.31832091153534,-1.4122901225024194,-1.4207197835565595,39.63403286986686,61.797752808988776,64.41947565543073,64.7335462247406,53.3164537752594,59.025,1.8638972964680582,32219186,-1284725.909861228,57.5,59.5,65.555,64.77,,52.0,55.9176,58.3412,60.3,62.258799999999994,65.04759999999999,68.6
227,2025-04-29,57.7,58.5,57.3,57.3,2432200,58.69,61.968199999999996,59.1260998723415,-1.3990292693194277,-1.4163816807091332,38.970274990862855,41.93548387096768,55.17699649631507,63.96101508250546,53.418984917494534,58.69,1.8164760610060544,29786986,-1170685.0655953393,57.150000000000006,59.3,65.555,64.77,,52.0,55.9176,58.3412,60.3,62.258799999999994,65.04759999999999,68.6
228,2025-05-05,57.5,58.0,57.0,57.1,2101500,58.31999999999999,61.884800000000006,58.933137979737545,-1.3886507744402294,-1.4108354994553525,38.27988149368681,38.70967741935484,47.480971366437096,62.901528129347234,53.73847187065275,58.31999999999999,1.7581563423627649,27685486,-1063487.1990817182,57.150000000000006,59.3,65.8675,64.77,,52.0,55.9176,58.3412,60.3,62.258799999999994,65.04759999999999,68.6
229,2025-05-06,57.3,58.0,57.0,57.0,2992900,57.92999999999999,61.798,58.74902960071492,-1.3726716029600539,-1.4032027201562929,37.918167549972814,37.09677419354837,39.247311827956956,61.441751699650744,54.41824830034924,57.92999999999999,1.7040023179082817,24692586,-954316.1706414735,57.05,59.3,65.66749999999999,64.77,,52.0,55.9176,58.3412,60.3,62.258799999999994,65.04759999999999,68.6
230,2025-05-07,57.1,57.5,57.0,57.0,2415400,57.765,61.7112,58.58245535302778,-1.34450932783502,-1.3914640416920383,37.91816754997281,37.09677419354837,37.634408602150515,61.12254374506125,54.40745625493875,57.765,1.6180021523434045,27107986,-817985.2891212631,57.05,59.0,65.7175,64.77,,52.0,55.9176,58.3412,60.3,62.258799999999994,65.04759999999999,68.6
231,2025-05-08,57.4,57.7,56.9,57.1,3022300,57.620000000000005,61.6078,58.441269128929896,-1.2991456156677117,-1.3730003564871731,38.591136600986964,42.857142857142875,39.0168970814132,60.82599438552221,54.4140056144778,57.620000000000005,1.5595734271760189,30130286,-657954.5335325106,58.15,59.0,65.81,64.77,,52.0,55.9176,58.3412,60.3,62.258799999999994,65.04759999999999,68.6
232,2025-05-09,57.3,57.6,56.6,56.6,5827400,57.660000000000004,61.489,58.265910164269904,-1.2886852073808654,-1.3561373266659116,36.46282336467632,38.77551020408161,39.57647575159094,60.793304964410574,54.526695035589434,57.660000000000004,1.519603896663446,24302886,-980203.8858850091,57.8,59.0,65.70249999999999,64.77,,52.0,55.9176,58.3412,60.3,62.258799999999994,65.04759999999999,68.6
233,2025-05-12,57.0,57.3,56.2,56.6,5992500,57.864999999999995,61.38219999999999,58.10725205338706,-1.2658038594936727,-1.3380706332314638,36.46282336467632,38.77551020408161,40.13605442176869,59.99786192708293,55.73213807291706,57.864999999999995,1.4896321897589135,30295386,-840174.7593300078,57.6,59.0,65.36749999999999,64.77,,52.0,55.9176,58.3412,60.3,62.258799999999994,65.04759999999999,68.6
234,2025-05-13,57.1,57.3,56.6,56.8,7392600,57.9,61.2834,57.982751857826386,-1.2174973463684537,-1.313955975858862,38.04783986674264,44.68085106382971,40.74395715733097,59.936663938896146,55.86333606110385,57.9,1.4332298904904195,37687986,-508932.650854297,57.35,59.0,65.3175,64.77,,52.0,55.9176,58.3412,60.3,62.258799999999994,65.04759999999999,68.6
235,2025-05-14,57.2,58.8,57.2,58.7,8014200,57.84499999999999,61.199799999999996,58.05106120470006,-1.0142087979499124,-1.2540065402770721,50.64436848161023,85.10638297872349,56.18758141554493,59.72699362379364,55.963006376206344,57.84499999999999,1.4737134697411036,45702186,1739054.870696323,57.5,58.2,65.3175,64.8,,52.0,55.9176,58.3412,60.3,62.258799999999994,65.04759999999999,68.6
236,2025-05-15,59.3,59.8,58.7,58.7,8070600,57.815,61.125600000000006,58.11286489949053,-0.8433792081866684,-1.1718810738589915,50.64436848161023,69.44444444444456,66.41055949566591,59.620851599661485,56.00914840033851,57.815,1.4470196504738815,53772786,1490618.4605968483,58.0,56.45,63.94999999999999,64.44999999999999,,52.0,55.9176,58.3412,60.3,62.258799999999994,65.04759999999999,68.6
237,2025-05-16,58.8,59.0,57.5,57.5,8364800,57.69,61.02740000000001,58.05449681382477,-0.7956536981648981,-1.096635598720173,44.079472829262,36.111111111111086,63.55397951142637,59.19452650358839,56.1854734964116,57.69,1.4508039611543186,45407986,-156292.74805984754,58.0,56.45,61.9,62.4,,52.0,55.9176,58.3412,60.3,62.258799999999994,65.04759999999999,68.6
238,2025-05-19,57.4,57.6,57.0,57.0,4784400,57.575,60.92320000000001,57.95406854584146,-0.7890806780832875,-1.035124614592796,41.65647710408541,22.22222222222218,42.5925925925926,58.91197419571206,56.23802580428794,57.575,1.390032249643296,40623586,-475708.06976558355,58.0,56.45,61.699999999999996,62.199999999999996,,52.0,55.9176,58.3412,60.3,62.258799999999994,65.04759999999999,68.6
239,2025-05-20,57.0,57.4,56.8,57.1,3867000,57.525,60.821000000000005,57.87272868433275,-0.7669612956480307,-0.981491950803843,42.33914893552807,25.0,27.777777777777743,58.85447358003079,56.195526419969205,57.525,1.3336013746687752,44490586,-352506.91694192804,58.0,57.8,59.65,60.3,,52.0,55.9176,58.3412,60.3,62.258799999999994,65.04759999999999,68.6
240,2025-05-21,57.5,57.9,57.0,57.1,5161800,57.475,60.7122,57.79913547630106,-0.7408909954990577,-0.933371759742886,42.33914893552807,25.0,24.074074074074048,58.789343942809445,56.16065605719056,57.475,1.3026298479067198,49652386,-302148.78595022403,58.0,57.8,59.65,60.3,,52.0,55.9176,58.3412,60.3,62.258799999999994,65.04759999999999,68.6
241,2025-05-22,57.1,57.4,56.9,56.9,3694300,57.410000000000004,60.578,57.71350352617715,-0.7279767603909022,-0.8922927598724892,41.22040435560926,19.444444444444358,23.14814814814811,58.70290370871147,56.11709629128854,57.410000000000004,1.2452991444848112,45958086,-364536.1022430507,58.0,57.8,59.65,60.3,,52.0,55.9176,58.3412,60.3,62.258799999999994,65.04759999999999,68.6
242,2025-05-23,56.9,57.5,56.7,56.8,3546500,57.325,60.419,57.62650319035075,-0.7175399464413061,-0.8573421971862527,40.64214833315576,16.666666666666536,20.37037037037029,58.54134698996621,56.1086530100338,57.325,1.2134920627358958,42411586,-363123.8019226156,58.2,57.8,59.65,60.3,,52.0,55.9176,58.3412,60.3,62.258799999999994,65.04759999999999,68.6
243,2025-05-26,56.9,57.0,56.0,57.0,4728300,57.275,60.263999999999996,57.56683621984116,-0.6852314460940008,-0.8229200469678024,42.38304462892312,26.31578947368423,20.808966861598364,58.45800464918776,56.09199535081224,57.275,1.1982426296833317,47139886,-176154.68736224007,57.9,57.5,59.65,60.3,,52.0,55.9176,58.3412,60.3,62.258799999999994,65.04759999999999,68.6
244,2025-05-27,56.8,57.2,56.7,56.8,5548900,57.205,60.066,57.4938041989039,-0.6680640290572981,-0.7919488433857016,41.08536768544288,21.05263157894731,21.345029239766017,58.32477676346664,56.08522323653336,57.205,1.1483681561345223,41590986,-309529.7320247795,57.9,57.25,59.25,60.3,,52.0,55.9176,58.3412,60.3,62.258799999999994,65.04759999999999,68.6
245,2025-05-28,57.1,57.6,56.8,56.8,4950200,57.169999999999995,59.89200000000001,57.4277276085321,-0.6470005082558075,-0.7629591763597228,41.08536768544288,21.05263157894731,22.807017543859605,58.29445542374956,56.04554457625043,57.169999999999995,1.123484716410628,46541186,-265311.19887838245,57.5,57.25,58.375,60.3,,52.0,55.9176,58.3412,60.3,62.258799999999994,65.04759999999999,68.6
246,2025-05-29,57.2,57.2,56.7,56.7,3904500,57.129999999999995,59.706,57.35842021724333,-0.6311017326050035,-0.7365876876087789,40.36863392583547,18.421052631579037,20.175438596491208,58.261547612785165,55.998452387214826,57.129999999999995,1.0789500938098688,42636686,-283188.1704671818,56.95,57.25,58.175,60.3,,52.0,55.9176,58.3412,60.3,62.258799999999994,65.04759999999999,68.6
247,2025-05-30,56.8,56.9,56.4,56.4,3934000,57.085,59.488,57.26714210131539,-0.6353850082904913,-0.7163471517451214,38.214818784538224,10.526315789473655,16.666666666666657,58.256793497165695,55.913206502834306,57.085,1.0375965156805924,38702686,-411332.71754330106,56.95,57.25,58.175,60.3,,52.0,55.9176,58.3412,60.3,62.258799999999994,65.04759999999999,68.6
248,2025-06-02,56.5,56.5,56.1,56.2,3225700,57.04,59.275999999999996,57.165509520237734,-0.6474544122231052,-0.7025686038407182,36.80499585391583,5.263157894736921,11.403508771929863,58.27353151560866,55.80646848439134,57.04,0.992053907417693,35476986,-444733.7578942561,56.95,57.9,58.849999999999994,60.3,,52.0,55.9176,58.3412,60.3,62.258799999999994,65.04759999999999,68.6
