,time,price,volume,match_type,id
0,2025-06-03 09:15:00+07:00,116.7,100,Buy,304868467
1,2025-06-03 09:15:00+07:00,116.7,200,Buy,304868500
2,2025-06-03 09:15:00+07:00,116.7,300,Buy,304868501
3,2025-06-03 09:15:00+07:00,116.7,100,Buy,304868502
4,2025-06-03 09:15:00+07:00,116.7,100,Buy,304868503
5,2025-06-03 09:15:00+07:00,116.7,500,Buy,304868504
6,2025-06-03 09:15:00+07:00,116.7,1500,Buy,304868505
7,2025-06-03 09:15:00+07:00,116.7,500,Buy,304868506
8,2025-06-03 09:15:00+07:00,116.7,100,Buy,304868507
9,2025-06-03 09:15:00+07:00,116.7,400,Buy,304868508
10,2025-06-03 09:15:00+07:00,116.7,100,Buy,304868509
11,2025-06-03 09:15:00+07:00,116.7,100,Buy,304868510
12,2025-06-03 09:15:00+07:00,116.7,300,Buy,304868499
13,2025-06-03 09:15:00+07:00,116.7,100,Buy,304868511
14,2025-06-03 09:15:00+07:00,116.7,200,Buy,304868513
15,2025-06-03 09:15:00+07:00,116.7,500,Buy,304868514
16,2025-06-03 09:15:00+07:00,116.7,500,Buy,304868515
17,2025-06-03 09:15:00+07:00,116.7,500,Buy,304868516
18,2025-06-03 09:15:00+07:00,116.7,2000,Buy,304868518
19,2025-06-03 09:15:00+07:00,116.7,200,Buy,304868519
20,2025-06-03 09:15:00+07:00,116.7,300,Buy,304868520
21,2025-06-03 09:15:00+07:00,116.7,100,Buy,304868521
22,2025-06-03 09:15:00+07:00,116.7,500,Buy,304868522
23,2025-06-03 09:15:00+07:00,116.7,600,Buy,304868523
24,2025-06-03 09:15:00+07:00,116.7,100,Buy,304868526
25,2025-06-03 09:15:00+07:00,116.7,100,Buy,304868512
26,2025-06-03 09:15:00+07:00,116.7,100,Buy,304868498
27,2025-06-03 09:15:00+07:00,116.7,100,Buy,304868470
28,2025-06-03 09:15:00+07:00,116.7,300,Buy,304868496
29,2025-06-03 09:15:00+07:00,116.7,300,Buy,304868471
30,2025-06-03 09:15:00+07:00,116.7,100,Buy,304868472
31,2025-06-03 09:15:00+07:00,116.7,200,Buy,304868473
32,2025-06-03 09:15:00+07:00,116.7,500,Buy,304868474
33,2025-06-03 09:15:00+07:00,116.7,100,Buy,304868475
34,2025-06-03 09:15:00+07:00,116.7,100,Buy,304868476
35,2025-06-03 09:15:00+07:00,116.7,400,Buy,304868477
36,2025-06-03 09:15:00+07:00,116.7,1000,Buy,304868478
37,2025-06-03 09:15:00+07:00,116.7,400,Buy,304868479
38,2025-06-03 09:15:00+07:00,116.7,200,Buy,304868480
39,2025-06-03 09:15:00+07:00,116.7,100,Buy,304868481
40,2025-06-03 09:15:00+07:00,116.7,200,Buy,304868482
41,2025-06-03 09:15:00+07:00,116.7,100,Buy,304868497
42,2025-06-03 09:15:00+07:00,116.7,300,Buy,304868484
43,2025-06-03 09:15:00+07:00,116.7,200,Buy,304868495
44,2025-06-03 09:15:00+07:00,116.7,300,Buy,304868494
45,2025-06-03 09:15:00+07:00,116.7,200,Buy,304868493
46,2025-06-03 09:15:00+07:00,116.7,300,Buy,304868492
47,2025-06-03 09:15:00+07:00,116.7,1000,Buy,304868491
48,2025-06-03 09:15:00+07:00,116.7,100,Buy,304868483
49,2025-06-03 09:15:00+07:00,116.7,100,Buy,304868489
50,2025-06-03 09:15:00+07:00,116.7,4400,Buy,304868488
51,2025-06-03 09:15:00+07:00,116.7,3500,Buy,304868487
52,2025-06-03 09:15:00+07:00,116.7,100,Buy,304868486
53,2025-06-03 09:15:00+07:00,116.7,1600,Buy,304868485
54,2025-06-03 09:15:00+07:00,116.7,100,Buy,304868490
55,2025-06-03 09:15:05+07:00,116.7,300,Buy,304875406
56,2025-06-03 09:15:19+07:00,116.7,200,Buy,304876154
57,2025-06-03 09:15:30+07:00,116.7,100,Sell,304876841
58,2025-06-03 09:15:30+07:00,116.7,200,Sell,304876842
59,2025-06-03 09:15:30+07:00,116.7,200,Sell,304876840
60,2025-06-03 09:15:46+07:00,116.7,400,Buy,304878108
61,2025-06-03 09:15:46+07:00,116.7,100,Buy,304878109
62,2025-06-03 09:15:46+07:00,116.7,500,Buy,304878107
63,2025-06-03 09:15:57+07:00,116.7,200,Buy,304878901
64,2025-06-03 09:15:57+07:00,116.7,100,Buy,304878903
65,2025-06-03 09:15:57+07:00,116.7,200,Buy,304878904
66,2025-06-03 09:16:05+07:00,116.8,100,Buy,304879596
67,2025-06-03 09:16:08+07:00,116.7,500,Sell,304879828
68,2025-06-03 09:16:09+07:00,116.7,500,Sell,304879930
69,2025-06-03 09:16:16+07:00,116.7,4000,Sell,304880496
70,2025-06-03 09:16:17+07:00,116.7,200,Sell,304880611
71,2025-06-03 09:16:23+07:00,116.7,900,Sell,304881102
72,2025-06-03 09:16:28+07:00,116.8,200,Buy,304881430
73,2025-06-03 09:16:34+07:00,116.8,700,Buy,304881853
74,2025-06-03 09:16:36+07:00,116.8,200,Buy,304881959
75,2025-06-03 09:16:36+07:00,116.8,100,Buy,304881958
76,2025-06-03 09:16:36+07:00,116.8,200,Buy,304881957
77,2025-06-03 09:16:36+07:00,116.8,200,Buy,304881956
78,2025-06-03 09:16:36+07:00,116.8,300,Buy,304881955
79,2025-06-03 09:16:40+07:00,116.8,300,Buy,304882193
80,2025-06-03 09:16:45+07:00,116.9,200,Buy,304882523
81,2025-06-03 09:16:45+07:00,116.9,100,Buy,304882524
82,2025-06-03 09:16:47+07:00,116.9,100,Buy,304882669
83,2025-06-03 09:16:55+07:00,116.9,300,Buy,304883224
84,2025-06-03 09:16:59+07:00,116.9,200,Buy,304883561
85,2025-06-03 09:17:04+07:00,116.9,500,Buy,304883898
86,2025-06-03 09:17:04+07:00,116.9,500,Buy,304883899
87,2025-06-03 09:17:07+07:00,116.9,500,Buy,304884043
88,2025-06-03 09:17:07+07:00,116.9,300,Buy,304884044
89,2025-06-03 09:17:07+07:00,116.9,200,Buy,304884045
90,2025-06-03 09:17:12+07:00,116.9,100,Buy,304884416
91,2025-06-03 09:17:12+07:00,116.9,100,Buy,304884417
92,2025-06-03 09:17:13+07:00,116.9,100,Buy,304884436
93,2025-06-03 09:17:16+07:00,116.9,100,Buy,304884632
94,2025-06-03 09:17:16+07:00,116.9,400,Buy,304884631
95,2025-06-03 09:17:18+07:00,116.9,400,Buy,304884738
96,2025-06-03 09:17:18+07:00,116.9,100,Buy,304884739
97,2025-06-03 09:17:18+07:00,116.9,200,Buy,304884740
98,2025-06-03 09:17:18+07:00,116.9,300,Buy,304884741
99,2025-06-03 09:17:20+07:00,116.9,200,Buy,304884899
100,2025-06-03 09:17:20+07:00,116.9,100,Buy,304884900
101,2025-06-03 09:17:20+07:00,116.9,100,Buy,304884907
102,2025-06-03 09:17:21+07:00,116.9,300,Buy,304884957
103,2025-06-03 09:17:27+07:00,116.9,200,Sell,304885372
104,2025-06-03 09:17:31+07:00,117.0,300,Buy,304885881
105,2025-06-03 09:17:31+07:00,117.0,500,Buy,304885882
106,2025-06-03 09:17:31+07:00,117.0,100,Buy,304885883
107,2025-06-03 09:17:31+07:00,117.0,200,Buy,304885884
108,2025-06-03 09:17:31+07:00,117.0,500,Buy,304885885
109,2025-06-03 09:17:31+07:00,117.0,100,Buy,304885880
110,2025-06-03 09:17:32+07:00,116.8,200,Sell,304885958
111,2025-06-03 09:17:33+07:00,116.9,200,Buy,304886001
112,2025-06-03 09:17:36+07:00,116.9,800,Buy,304886183
113,2025-06-03 09:17:52+07:00,116.9,100,Sell,304887467
114,2025-06-03 09:17:52+07:00,116.9,100,Sell,304887466
115,2025-06-03 09:17:52+07:00,116.9,200,Sell,304887463
116,2025-06-03 09:17:52+07:00,116.9,200,Sell,304887464
117,2025-06-03 09:17:52+07:00,116.9,400,Sell,304887465
118,2025-06-03 09:17:56+07:00,117.0,300,Buy,304887743
119,2025-06-03 09:17:56+07:00,117.0,200,Buy,304887744
120,2025-06-03 09:17:56+07:00,117.0,500,Buy,304887745
121,2025-06-03 09:17:56+07:00,117.0,200,Buy,304887746
122,2025-06-03 09:17:56+07:00,117.0,100,Buy,304887747
123,2025-06-03 09:17:56+07:00,117.0,100,Buy,304887748
124,2025-06-03 09:17:56+07:00,117.0,200,Buy,304887741
125,2025-06-03 09:17:56+07:00,117.0,600,Buy,304887749
126,2025-06-03 09:17:59+07:00,116.9,100,Sell,304887957
127,2025-06-03 09:17:59+07:00,116.9,100,Sell,304887978
128,2025-06-03 09:17:59+07:00,116.9,1000,Sell,304887979
129,2025-06-03 09:18:05+07:00,116.9,900,Buy,304888340
130,2025-06-03 09:18:05+07:00,116.9,100,Buy,304888341
131,2025-06-03 09:18:06+07:00,116.9,100,Buy,304888406
132,2025-06-03 09:18:09+07:00,116.9,100,Buy,304888702
133,2025-06-03 09:18:24+07:00,116.9,100,Sell,304889742
134,2025-06-03 09:18:31+07:00,116.9,300,Sell,304890298
135,2025-06-03 09:18:31+07:00,116.9,1000,Sell,304890299
136,2025-06-03 09:18:31+07:00,116.9,100,Sell,304890300
137,2025-06-03 09:18:31+07:00,116.9,200,Sell,304890301
138,2025-06-03 09:18:31+07:00,116.9,1000,Sell,304890302
139,2025-06-03 09:18:31+07:00,116.9,100,Sell,304890303
140,2025-06-03 09:18:31+07:00,116.9,800,Sell,304890304
141,2025-06-03 09:18:31+07:00,116.9,2200,Sell,304890297
142,2025-06-03 09:18:32+07:00,116.9,100,Buy,304890436
143,2025-06-03 09:18:39+07:00,116.8,100,Sell,304890861
144,2025-06-03 09:18:39+07:00,116.8,400,Sell,304890860
145,2025-06-03 09:18:39+07:00,116.8,1000,Sell,304890857
146,2025-06-03 09:18:39+07:00,116.8,500,Sell,304890858
147,2025-06-03 09:18:39+07:00,116.8,100,Sell,304890855
148,2025-06-03 09:18:39+07:00,116.8,2000,Sell,304890859
149,2025-06-03 09:18:41+07:00,116.8,200,Buy,304890978
150,2025-06-03 09:18:45+07:00,116.8,100,Buy,304891213
151,2025-06-03 09:18:55+07:00,116.8,700,Sell,304891995
152,2025-06-03 09:18:55+07:00,116.8,100,Buy,304891992
153,2025-06-03 09:18:55+07:00,116.8,100,Buy,304891990
154,2025-06-03 09:18:55+07:00,116.8,200,Buy,304891989
155,2025-06-03 09:18:55+07:00,116.8,100,Buy,304891991
156,2025-06-03 09:18:55+07:00,116.8,600,Buy,304891987
157,2025-06-03 09:19:00+07:00,116.8,100,Sell,304892258
158,2025-06-03 09:19:08+07:00,116.8,100,Sell,304892767
159,2025-06-03 09:19:08+07:00,116.8,400,Sell,304892768
160,2025-06-03 09:19:08+07:00,116.8,100,Sell,304892770
161,2025-06-03 09:19:08+07:00,116.8,100,Sell,304892771
162,2025-06-03 09:19:08+07:00,116.8,200,Sell,304892772
163,2025-06-03 09:19:10+07:00,116.8,300,Sell,304892883
164,2025-06-03 09:19:11+07:00,116.8,100,Sell,304892932
165,2025-06-03 09:19:24+07:00,116.7,200,Sell,304893745
166,2025-06-03 09:19:28+07:00,116.8,400,Buy,304894037
167,2025-06-03 09:19:30+07:00,116.7,1000,Sell,304894211
168,2025-06-03 09:19:36+07:00,116.8,100,Buy,304894476
169,2025-06-03 09:19:36+07:00,116.8,100,Buy,304894477
170,2025-06-03 09:19:36+07:00,116.8,100,Buy,304894478
171,2025-06-03 09:19:36+07:00,116.8,1000,Buy,304894479
172,2025-06-03 09:19:36+07:00,116.8,100,Buy,304894480
173,2025-06-03 09:19:36+07:00,116.9,5600,Buy,304894481
174,2025-06-03 09:19:37+07:00,116.8,100,Buy,304894579
175,2025-06-03 09:19:38+07:00,116.8,500,Sell,304894694
176,2025-06-03 09:19:43+07:00,116.8,300,Buy,304894973
177,2025-06-03 09:19:43+07:00,116.8,700,Buy,304894974
178,2025-06-03 09:19:44+07:00,116.8,200,Sell,304895032
179,2025-06-03 09:19:50+07:00,116.8,100,Sell,304895494
180,2025-06-03 09:19:52+07:00,116.8,100,Sell,304895642
181,2025-06-03 09:19:52+07:00,116.8,500,Sell,304895643
182,2025-06-03 09:19:55+07:00,116.8,100,Buy,304895784
183,2025-06-03 09:20:01+07:00,116.8,100,Sell,304896218
184,2025-06-03 09:20:05+07:00,116.8,100,Sell,304896476
185,2025-06-03 09:20:08+07:00,116.8,200,Sell,304896632
186,2025-06-03 09:20:08+07:00,116.8,100,Sell,304896618
187,2025-06-03 09:20:08+07:00,116.8,100,Sell,304896619
188,2025-06-03 09:20:12+07:00,116.8,100,Sell,304896839
189,2025-06-03 09:20:18+07:00,116.8,300,Sell,304897252
190,2025-06-03 09:20:31+07:00,116.9,1000,Buy,304898078
191,2025-06-03 09:20:36+07:00,116.8,1000,Sell,304898340
192,2025-06-03 09:20:36+07:00,116.8,1300,Sell,304898341
193,2025-06-03 09:20:36+07:00,116.8,100,Sell,304898338
194,2025-06-03 09:20:36+07:00,116.8,100,Sell,304898339
195,2025-06-03 09:20:36+07:00,116.8,300,Sell,304898336
196,2025-06-03 09:20:36+07:00,116.8,900,Sell,304898337
197,2025-06-03 09:20:36+07:00,116.8,100,Sell,304898335
198,2025-06-03 09:20:36+07:00,116.8,1300,Sell,304898334
199,2025-06-03 09:20:36+07:00,116.8,100,Sell,304898319
200,2025-06-03 09:20:45+07:00,116.8,200,Buy,304898866
201,2025-06-03 09:20:47+07:00,116.8,900,Buy,304898994
202,2025-06-03 09:20:49+07:00,116.8,200,Buy,304899134
203,2025-06-03 09:20:52+07:00,116.8,500,Buy,304899358
204,2025-06-03 09:21:02+07:00,116.8,200,Buy,304899922
205,2025-06-03 09:21:04+07:00,116.8,100,Buy,304900030
206,2025-06-03 09:21:09+07:00,116.8,500,Buy,304900308
207,2025-06-03 09:21:10+07:00,116.8,300,Buy,304900372
208,2025-06-03 09:21:10+07:00,116.8,200,Buy,304900373
209,2025-06-03 09:21:10+07:00,116.8,300,Buy,304900374
210,2025-06-03 09:21:12+07:00,116.8,100,Buy,304900432
211,2025-06-03 09:21:19+07:00,116.8,100,Buy,304900789
212,2025-06-03 09:21:19+07:00,116.8,200,Buy,304900788
213,2025-06-03 09:21:19+07:00,116.8,100,Buy,304900785
214,2025-06-03 09:21:19+07:00,116.8,500,Buy,304900786
215,2025-06-03 09:21:19+07:00,116.8,100,Buy,304900787
216,2025-06-03 09:21:26+07:00,116.8,200,Buy,304901124
217,2025-06-03 09:21:32+07:00,116.8,300,Buy,304901417
218,2025-06-03 09:21:43+07:00,116.8,200,Buy,304901901
219,2025-06-03 09:21:43+07:00,116.8,100,Buy,304901902
220,2025-06-03 09:21:43+07:00,116.8,100,Buy,304901903
221,2025-06-03 09:21:43+07:00,116.8,400,Buy,304901900
222,2025-06-03 09:22:01+07:00,116.8,100,Buy,304902954
223,2025-06-03 09:22:07+07:00,116.8,100,Buy,304903224
224,2025-06-03 09:22:10+07:00,116.8,100,Buy,304903360
225,2025-06-03 09:22:10+07:00,116.8,100,Buy,304903361
226,2025-06-03 09:22:16+07:00,116.8,200,Buy,304903693
227,2025-06-03 09:22:18+07:00,116.8,300,Buy,304903747
228,2025-06-03 09:22:42+07:00,116.8,100,Buy,304904985
229,2025-06-03 09:22:57+07:00,116.8,100,Buy,304905797
230,2025-06-03 09:23:13+07:00,116.8,2300,Buy,304906558
231,2025-06-03 09:23:13+07:00,116.8,200,Buy,304906555
232,2025-06-03 09:23:13+07:00,116.8,200,Buy,304906554
233,2025-06-03 09:23:13+07:00,116.8,200,Buy,304906557
234,2025-06-03 09:23:13+07:00,116.8,1000,Buy,304906552
235,2025-06-03 09:23:13+07:00,116.8,200,Buy,304906553
236,2025-06-03 09:23:13+07:00,116.8,300,Buy,304906550
237,2025-06-03 09:23:13+07:00,116.8,300,Buy,304906556
238,2025-06-03 09:23:13+07:00,116.8,300,Buy,304906551
239,2025-06-03 09:23:20+07:00,116.8,500,Buy,304906862
240,2025-06-03 09:23:26+07:00,116.8,400,Buy,304907125
241,2025-06-03 09:23:28+07:00,116.8,800,Buy,304907232
242,2025-06-03 09:23:28+07:00,116.8,100,Buy,304907233
243,2025-06-03 09:23:28+07:00,116.8,100,Buy,304907234
244,2025-06-03 09:23:45+07:00,116.8,100,Buy,304908043
245,2025-06-03 09:23:45+07:00,116.8,100,Buy,304908044
246,2025-06-03 09:23:45+07:00,116.8,100,Buy,304908041
247,2025-06-03 09:23:45+07:00,116.8,200,Buy,304908042
248,2025-06-03 09:23:59+07:00,116.8,200,Buy,304908795
249,2025-06-03 09:23:59+07:00,116.8,100,Buy,304908796
250,2025-06-03 09:23:59+07:00,116.8,200,Buy,304908797
251,2025-06-03 09:23:59+07:00,116.8,10000,Buy,304908798
252,2025-06-03 09:23:59+07:00,116.8,200,Buy,304908799
253,2025-06-03 09:23:59+07:00,116.8,200,Buy,304908800
254,2025-06-03 09:23:59+07:00,116.8,4100,Buy,304908801
255,2025-06-03 09:24:03+07:00,116.8,200,Buy,304908933
256,2025-06-03 09:24:04+07:00,116.8,900,Buy,304908980
257,2025-06-03 09:24:20+07:00,116.7,2200,Sell,304909826
258,2025-06-03 09:24:20+07:00,116.7,200,Sell,304909827
259,2025-06-03 09:24:27+07:00,116.8,500,Buy,304910162
260,2025-06-03 09:24:34+07:00,116.8,300,Buy,304910555
261,2025-06-03 09:24:34+07:00,116.8,200,Buy,304910556
262,2025-06-03 09:24:34+07:00,116.8,300,Buy,304910557
263,2025-06-03 09:24:34+07:00,116.8,1200,Buy,304910554
264,2025-06-03 09:24:47+07:00,116.8,200,Buy,304911037
265,2025-06-03 09:24:47+07:00,116.8,200,Buy,304911039
266,2025-06-03 09:24:47+07:00,116.8,100,Buy,304911040
267,2025-06-03 09:24:47+07:00,116.8,3200,Buy,304911042
268,2025-06-03 09:24:47+07:00,116.8,300,Buy,304911041
269,2025-06-03 09:25:03+07:00,116.7,400,Sell,304911749
270,2025-06-03 09:25:03+07:00,116.7,1200,Sell,304911759
271,2025-06-03 09:25:03+07:00,116.7,100,Sell,304911757
272,2025-06-03 09:25:03+07:00,116.7,400,Sell,304911756
273,2025-06-03 09:25:03+07:00,116.7,400,Sell,304911755
274,2025-06-03 09:25:03+07:00,116.7,300,Sell,304911750
275,2025-06-03 09:25:03+07:00,116.7,100,Sell,304911748
276,2025-06-03 09:25:03+07:00,116.7,100,Sell,304911746
277,2025-06-03 09:25:03+07:00,116.7,100,Sell,304911731
278,2025-06-03 09:25:03+07:00,116.7,300,Sell,304911732
279,2025-06-03 09:25:03+07:00,116.8,100,Buy,304911736
280,2025-06-03 09:25:03+07:00,116.7,200,Sell,304911747
281,2025-06-03 09:25:03+07:00,116.7,300,Sell,304911744
282,2025-06-03 09:25:03+07:00,116.7,100,Sell,304911745
283,2025-06-03 09:25:03+07:00,116.7,100,Sell,304911740
284,2025-06-03 09:25:07+07:00,116.8,200,Buy,304911884
285,2025-06-03 09:25:07+07:00,116.8,4000,Buy,304911914
286,2025-06-03 09:25:15+07:00,116.8,100,Buy,304912203
287,2025-06-03 09:25:16+07:00,116.7,800,Sell,304912300
288,2025-06-03 09:25:16+07:00,116.7,1000,Sell,304912301
289,2025-06-03 09:25:16+07:00,116.7,1800,Sell,304912302
290,2025-06-03 09:25:23+07:00,116.8,1000,Buy,304912542
291,2025-06-03 09:25:25+07:00,116.7,1900,Sell,304912653
292,2025-06-03 09:25:26+07:00,116.7,200,Sell,304912722
293,2025-06-03 09:25:28+07:00,116.8,100,Buy,304912772
294,2025-06-03 09:25:31+07:00,116.7,400,Sell,304912913
295,2025-06-03 09:25:36+07:00,116.8,100,Buy,304913119
296,2025-06-03 09:25:39+07:00,116.8,700,Buy,304913220
297,2025-06-03 09:25:39+07:00,116.7,200,Sell,304913212
298,2025-06-03 09:25:41+07:00,116.8,500,Buy,304913268
299,2025-06-03 09:25:41+07:00,116.8,300,Buy,304913269
300,2025-06-03 09:25:51+07:00,116.7,400,Sell,304913779
301,2025-06-03 09:25:51+07:00,116.7,500,Sell,304913778
302,2025-06-03 09:25:51+07:00,116.7,1000,Sell,304913777
303,2025-06-03 09:25:51+07:00,116.7,100,Sell,304913776
304,2025-06-03 09:25:51+07:00,116.7,100,Sell,304913775
305,2025-06-03 09:25:51+07:00,116.7,1000,Sell,304913774
306,2025-06-03 09:25:51+07:00,116.7,500,Sell,304913771
307,2025-06-03 09:25:51+07:00,116.7,100,Sell,304913772
308,2025-06-03 09:25:51+07:00,116.7,500,Sell,304913773
309,2025-06-03 09:25:51+07:00,116.7,100,Sell,304913770
310,2025-06-03 09:25:51+07:00,116.7,1000,Sell,304913769
311,2025-06-03 09:25:51+07:00,116.7,200,Sell,304913768
312,2025-06-03 09:25:51+07:00,116.7,2000,Sell,304913767
313,2025-06-03 09:25:58+07:00,116.8,100,Buy,304914161
314,2025-06-03 09:26:10+07:00,116.7,1000,Sell,304914670
315,2025-06-03 09:26:14+07:00,116.7,300,Sell,304914819
316,2025-06-03 09:26:18+07:00,116.7,100,Sell,304915017
317,2025-06-03 09:26:20+07:00,116.7,300,Sell,304915094
318,2025-06-03 09:26:35+07:00,116.7,200,Sell,304915667
319,2025-06-03 09:26:38+07:00,116.7,100,Sell,304915822
320,2025-06-03 09:26:38+07:00,116.7,100,Sell,304915825
321,2025-06-03 09:26:39+07:00,116.7,2700,Sell,304915871
322,2025-06-03 09:26:39+07:00,116.7,100,Sell,304915870
323,2025-06-03 09:26:39+07:00,116.7,200,Sell,304915869
324,2025-06-03 09:26:39+07:00,116.7,100,Sell,304915866
325,2025-06-03 09:26:39+07:00,116.7,1000,Sell,304915867
326,2025-06-03 09:26:39+07:00,116.7,100,Sell,304915864
327,2025-06-03 09:26:39+07:00,116.7,100,Sell,304915863
328,2025-06-03 09:26:39+07:00,116.7,100,Sell,304915862
329,2025-06-03 09:26:39+07:00,116.7,1500,Sell,304915861
330,2025-06-03 09:26:39+07:00,116.7,100,Sell,304915865
331,2025-06-03 09:26:44+07:00,116.7,100,Sell,304916153
332,2025-06-03 09:26:44+07:00,116.7,100,Sell,304916151
333,2025-06-03 09:26:44+07:00,116.7,200,Sell,304916152
334,2025-06-03 09:26:44+07:00,116.7,400,Sell,304916149
335,2025-06-03 09:26:44+07:00,116.7,400,Sell,304916148
336,2025-06-03 09:26:44+07:00,116.7,2300,Sell,304916147
337,2025-06-03 09:26:44+07:00,116.7,100,Sell,304916150
338,2025-06-03 09:27:06+07:00,116.7,100,Buy,304917209
339,2025-06-03 09:27:17+07:00,116.6,100,Sell,304917703
340,2025-06-03 09:27:17+07:00,116.6,300,Sell,304917704
341,2025-06-03 09:27:17+07:00,116.6,100,Sell,304917705
342,2025-06-03 09:27:21+07:00,116.6,100,Sell,304917852
343,2025-06-03 09:27:32+07:00,116.6,100,Sell,304918272
344,2025-06-03 09:27:32+07:00,116.6,100,Sell,304918273
345,2025-06-03 09:27:38+07:00,116.6,100,Sell,304918464
346,2025-06-03 09:27:38+07:00,116.6,300,Sell,304918448
347,2025-06-03 09:27:38+07:00,116.6,200,Sell,304918449
348,2025-06-03 09:27:44+07:00,116.6,100,Sell,304918754
349,2025-06-03 09:27:44+07:00,116.6,100,Sell,304918756
350,2025-06-03 09:27:44+07:00,116.6,400,Sell,304918758
351,2025-06-03 09:28:07+07:00,116.6,100,Sell,304919548
352,2025-06-03 09:28:08+07:00,116.6,100,Sell,304919578
353,2025-06-03 09:28:18+07:00,116.6,300,Sell,304920137
354,2025-06-03 09:28:34+07:00,116.6,500,Sell,304920915
355,2025-06-03 09:28:34+07:00,116.6,400,Sell,304920916
356,2025-06-03 09:28:34+07:00,116.6,100,Sell,304920914
357,2025-06-03 09:28:38+07:00,116.6,100,Sell,304921158
358,2025-06-03 09:28:38+07:00,116.6,100,Sell,304921164
359,2025-06-03 09:28:42+07:00,116.6,100,Sell,304921270
360,2025-06-03 09:28:42+07:00,116.6,100,Sell,304921271
361,2025-06-03 09:28:42+07:00,116.6,100,Sell,304921272
362,2025-06-03 09:28:44+07:00,116.7,100,Buy,304921330
363,2025-06-03 09:28:52+07:00,116.6,100,Sell,304921609
364,2025-06-03 09:29:04+07:00,116.6,100,Sell,304922042
365,2025-06-03 09:29:04+07:00,116.6,100,Sell,304922041
366,2025-06-03 09:29:08+07:00,116.6,100,Sell,304922217
367,2025-06-03 09:29:11+07:00,116.6,200,Sell,304922333
368,2025-06-03 09:29:14+07:00,116.6,1100,Sell,304922555
369,2025-06-03 09:29:14+07:00,116.6,500,Sell,304922554
370,2025-06-03 09:29:14+07:00,116.6,100,Sell,304922553
371,2025-06-03 09:29:14+07:00,116.6,100,Sell,304922552
372,2025-06-03 09:29:14+07:00,116.6,100,Sell,304922550
373,2025-06-03 09:29:14+07:00,116.6,100,Sell,304922549
374,2025-06-03 09:29:14+07:00,116.6,100,Sell,304922547
375,2025-06-03 09:29:14+07:00,116.6,100,Sell,304922546
376,2025-06-03 09:29:14+07:00,116.6,100,Sell,304922545
377,2025-06-03 09:29:14+07:00,116.6,100,Sell,304922544
378,2025-06-03 09:29:14+07:00,116.6,100,Sell,304922548
379,2025-06-03 09:29:22+07:00,116.6,100,Sell,304922874
380,2025-06-03 09:29:27+07:00,116.6,300,Sell,304923044
381,2025-06-03 09:29:32+07:00,116.6,100,Sell,304923233
382,2025-06-03 09:29:35+07:00,116.6,2100,Sell,304923334
383,2025-06-03 09:29:35+07:00,116.6,400,Sell,304923332
384,2025-06-03 09:29:35+07:00,116.6,100,Sell,304923333
385,2025-06-03 09:29:38+07:00,116.6,400,Sell,304923457
386,2025-06-03 09:29:38+07:00,116.6,100,Sell,304923458
387,2025-06-03 09:29:38+07:00,116.6,300,Sell,304923464
388,2025-06-03 09:29:42+07:00,116.6,300,Sell,304923654
389,2025-06-03 09:29:46+07:00,116.6,100,Sell,304923818
390,2025-06-03 09:29:51+07:00,116.7,300,Buy,304924046
391,2025-06-03 09:29:51+07:00,116.6,300,Sell,304924058
392,2025-06-03 09:30:00+07:00,116.6,100,Sell,304924611
393,2025-06-03 09:30:01+07:00,116.6,200,Sell,304924622
394,2025-06-03 09:30:02+07:00,116.6,100,Sell,304924677
395,2025-06-03 09:30:02+07:00,116.6,500,Sell,304924679
396,2025-06-03 09:30:02+07:00,116.6,100,Sell,304924686
397,2025-06-03 09:30:02+07:00,116.6,200,Sell,304924685
398,2025-06-03 09:30:02+07:00,116.6,100,Sell,304924684
399,2025-06-03 09:30:02+07:00,116.6,100,Sell,304924678
400,2025-06-03 09:30:02+07:00,116.6,100,Sell,304924682
401,2025-06-03 09:30:02+07:00,116.6,300,Sell,304924680
402,2025-06-03 09:30:02+07:00,116.6,200,Sell,304924683
403,2025-06-03 09:30:02+07:00,116.6,100,Sell,304924681
404,2025-06-03 09:30:07+07:00,116.6,100,Buy,304924918
405,2025-06-03 09:30:10+07:00,116.6,100,Buy,304925067
406,2025-06-03 09:30:10+07:00,116.6,100,Buy,304925066
407,2025-06-03 09:30:33+07:00,116.6,100,Buy,304926006
408,2025-06-03 09:30:33+07:00,116.6,100,Buy,304926007
409,2025-06-03 09:30:33+07:00,116.6,300,Buy,304926008
410,2025-06-03 09:30:33+07:00,116.6,500,Buy,304926012
411,2025-06-03 09:30:35+07:00,116.5,500,Sell,304926086
412,2025-06-03 09:30:38+07:00,116.5,100,Sell,304926199
413,2025-06-03 09:30:38+07:00,116.5,100,Sell,304926190
414,2025-06-03 09:30:41+07:00,116.5,400,Sell,304926259
415,2025-06-03 09:30:42+07:00,116.5,100,Sell,304926335
416,2025-06-03 09:30:45+07:00,116.5,500,Sell,304926402
417,2025-06-03 09:30:59+07:00,116.6,100,Buy,304926971
418,2025-06-03 09:31:06+07:00,116.5,1000,Sell,304927228
419,2025-06-03 09:31:07+07:00,116.5,100,Sell,304927270
420,2025-06-03 09:31:08+07:00,116.5,100,Sell,304927298
421,2025-06-03 09:31:08+07:00,116.5,200,Sell,304927320
422,2025-06-03 09:31:11+07:00,116.5,200,Sell,304927491
423,2025-06-03 09:31:19+07:00,116.5,100,Sell,304927924
424,2025-06-03 09:31:35+07:00,116.6,200,Buy,304928541
425,2025-06-03 09:31:45+07:00,116.5,300,Sell,304928977
426,2025-06-03 09:31:45+07:00,116.5,700,Sell,304928978
427,2025-06-03 09:31:55+07:00,116.5,300,Sell,304929522
428,2025-06-03 09:31:55+07:00,116.5,100,Sell,304929523
429,2025-06-03 09:31:55+07:00,116.5,500,Sell,304929524
430,2025-06-03 09:31:55+07:00,116.5,500,Sell,304929525
431,2025-06-03 09:31:55+07:00,116.5,1100,Sell,304929526
432,2025-06-03 09:31:56+07:00,116.5,1000,Sell,304929573
433,2025-06-03 09:31:58+07:00,116.6,500,Buy,304929626
434,2025-06-03 09:32:13+07:00,116.5,100,Sell,304930324
435,2025-06-03 09:32:17+07:00,116.5,200,Sell,304930466
436,2025-06-03 09:32:22+07:00,116.5,1000,Sell,304930605
437,2025-06-03 09:32:23+07:00,116.5,200,Sell,304930639
438,2025-06-03 09:32:23+07:00,116.5,100,Sell,304930641
439,2025-06-03 09:32:23+07:00,116.5,500,Sell,304930640
440,2025-06-03 09:32:23+07:00,116.5,300,Sell,304930638
441,2025-06-03 09:32:23+07:00,116.5,100,Sell,304930642
442,2025-06-03 09:32:23+07:00,116.5,400,Sell,304930636
443,2025-06-03 09:32:23+07:00,116.5,200,Sell,304930635
444,2025-06-03 09:32:23+07:00,116.5,300,Sell,304930624
445,2025-06-03 09:32:23+07:00,116.5,100,Sell,304930623
446,2025-06-03 09:32:23+07:00,116.5,600,Sell,304930637
447,2025-06-03 09:32:23+07:00,116.6,100,Buy,304930618
448,2025-06-03 09:32:24+07:00,116.5,300,Sell,304930680
449,2025-06-03 09:32:24+07:00,116.5,100,Sell,304930679
450,2025-06-03 09:32:24+07:00,116.5,300,Sell,304930678
451,2025-06-03 09:32:24+07:00,116.5,500,Sell,304930677
452,2025-06-03 09:32:24+07:00,116.5,100,Sell,304930676
453,2025-06-03 09:32:24+07:00,116.5,100,Sell,304930675
454,2025-06-03 09:32:24+07:00,116.5,200,Sell,304930674
455,2025-06-03 09:32:24+07:00,116.5,100,Sell,304930673
456,2025-06-03 09:32:24+07:00,116.5,600,Sell,304930665
457,2025-06-03 09:32:24+07:00,116.5,100,Sell,304930671
458,2025-06-03 09:32:24+07:00,116.5,100,Sell,304930670
459,2025-06-03 09:32:24+07:00,116.5,100,Sell,304930669
460,2025-06-03 09:32:24+07:00,116.5,500,Sell,304930668
461,2025-06-03 09:32:24+07:00,116.5,100,Sell,304930667
462,2025-06-03 09:32:24+07:00,116.5,100,Sell,304930666
463,2025-06-03 09:32:24+07:00,116.5,300,Sell,304930664
464,2025-06-03 09:32:24+07:00,116.5,100,Sell,304930672
465,2025-06-03 09:32:28+07:00,116.5,500,Sell,304930837
466,2025-06-03 09:32:33+07:00,116.5,200,Sell,304930980
467,2025-06-03 09:32:36+07:00,116.5,100,Sell,304931087
468,2025-06-03 09:32:36+07:00,116.5,300,Sell,304931086
469,2025-06-03 09:32:36+07:00,116.5,100,Sell,304931084
470,2025-06-03 09:32:36+07:00,116.5,400,Sell,304931083
471,2025-06-03 09:32:36+07:00,116.5,100,Sell,304931085
472,2025-06-03 09:32:38+07:00,116.5,600,Sell,304931174
473,2025-06-03 09:32:38+07:00,116.5,100,Sell,304931167
474,2025-06-03 09:32:38+07:00,116.5,100,Sell,304931168
475,2025-06-03 09:32:38+07:00,116.5,100,Sell,304931169
476,2025-06-03 09:32:38+07:00,116.5,100,Sell,304931173
477,2025-06-03 09:32:38+07:00,116.5,400,Sell,304931175
478,2025-06-03 09:32:43+07:00,116.5,1800,Sell,304931371
479,2025-06-03 09:32:43+07:00,116.5,100,Sell,304931372
480,2025-06-03 09:32:43+07:00,116.5,500,Sell,304931373
481,2025-06-03 09:32:48+07:00,116.5,100,Sell,304931565
482,2025-06-03 09:32:48+07:00,116.5,100,Sell,304931564
483,2025-06-03 09:32:48+07:00,116.5,100,Sell,304931562
484,2025-06-03 09:32:48+07:00,116.5,500,Sell,304931561
485,2025-06-03 09:32:48+07:00,116.5,100,Sell,304931563
486,2025-06-03 09:32:50+07:00,116.5,300,Sell,304931630
487,2025-06-03 09:32:50+07:00,116.5,200,Sell,304931631
488,2025-06-03 09:32:51+07:00,116.5,300,Sell,304931750
489,2025-06-03 09:32:56+07:00,116.5,200,Sell,304931956
490,2025-06-03 09:32:56+07:00,116.5,100,Sell,304931957
491,2025-06-03 09:32:56+07:00,116.5,100,Sell,304931959
492,2025-06-03 09:32:56+07:00,116.5,100,Sell,304931960
493,2025-06-03 09:32:59+07:00,116.5,200,Buy,304932145
494,2025-06-03 09:33:00+07:00,116.5,300,Buy,304932172
495,2025-06-03 09:33:18+07:00,116.5,2000,Buy,304932843
496,2025-06-03 09:33:20+07:00,116.4,100,Sell,304932921
497,2025-06-03 09:33:20+07:00,116.5,100,Buy,304932931
498,2025-06-03 09:33:29+07:00,116.4,100,Sell,304933214
499,2025-06-03 09:33:29+07:00,116.4,200,Sell,304933215
500,2025-06-03 09:33:29+07:00,116.4,300,Sell,304933216
501,2025-06-03 09:33:29+07:00,116.4,100,Sell,304933217
502,2025-06-03 09:33:29+07:00,116.4,100,Sell,304933218
503,2025-06-03 09:33:29+07:00,116.4,100,Sell,304933219
504,2025-06-03 09:33:29+07:00,116.4,100,Sell,304933220
505,2025-06-03 09:33:36+07:00,116.4,600,Sell,304933507
506,2025-06-03 09:33:38+07:00,116.4,200,Sell,304933570
507,2025-06-03 09:33:38+07:00,116.4,100,Sell,304933562
508,2025-06-03 09:33:38+07:00,116.4,200,Sell,304933569
509,2025-06-03 09:33:43+07:00,116.5,200,Buy,304933764
510,2025-06-03 09:33:52+07:00,116.4,1500,Sell,304934360
511,2025-06-03 09:34:00+07:00,116.4,300,Sell,304934796
512,2025-06-03 09:34:06+07:00,116.5,100,Buy,304935026
513,2025-06-03 09:34:10+07:00,116.5,100,Buy,304935164
514,2025-06-03 09:34:17+07:00,116.5,400,Buy,304935438
515,2025-06-03 09:34:22+07:00,116.4,800,Sell,304935669
516,2025-06-03 09:34:27+07:00,116.4,100,Sell,304935853
517,2025-06-03 09:34:34+07:00,116.4,100,Sell,304936121
518,2025-06-03 09:34:34+07:00,116.4,100,Sell,304936123
519,2025-06-03 09:34:38+07:00,116.4,100,Sell,304936237
520,2025-06-03 09:34:38+07:00,116.4,100,Sell,304936230
521,2025-06-03 09:34:41+07:00,116.4,500,Sell,304936359
522,2025-06-03 09:34:42+07:00,116.5,100,Buy,304936385
523,2025-06-03 09:34:53+07:00,116.4,2000,Sell,304936960
524,2025-06-03 09:34:53+07:00,116.5,100,Buy,304936987
525,2025-06-03 09:35:01+07:00,116.5,100,Buy,304937227
526,2025-06-03 09:35:14+07:00,116.5,500,Buy,304937666
527,2025-06-03 09:35:17+07:00,116.5,100,Buy,304937749
528,2025-06-03 09:35:17+07:00,116.5,100,Buy,304937769
529,2025-06-03 09:35:19+07:00,116.5,3100,Buy,304937838
530,2025-06-03 09:35:19+07:00,116.5,200,Buy,304937837
531,2025-06-03 09:35:19+07:00,116.5,400,Buy,304937836
532,2025-06-03 09:35:19+07:00,116.5,1000,Buy,304937835
533,2025-06-03 09:35:19+07:00,116.5,1000,Buy,304937834
534,2025-06-03 09:35:19+07:00,116.5,400,Buy,304937832
535,2025-06-03 09:35:19+07:00,116.5,300,Buy,304937831
536,2025-06-03 09:35:19+07:00,116.5,200,Buy,304937830
537,2025-06-03 09:35:19+07:00,116.5,100,Buy,304937829
538,2025-06-03 09:35:19+07:00,116.5,1100,Buy,304937828
539,2025-06-03 09:35:19+07:00,116.5,200,Buy,304937833
540,2025-06-03 09:35:21+07:00,116.4,100,Sell,304937865
541,2025-06-03 09:35:27+07:00,116.4,500,Sell,304938087
542,2025-06-03 09:35:31+07:00,116.5,100,Buy,304938188
543,2025-06-03 09:35:34+07:00,116.4,100,Sell,304938320
544,2025-06-03 09:35:38+07:00,116.4,700,Sell,304938441
545,2025-06-03 09:35:38+07:00,116.4,200,Sell,304938436
546,2025-06-03 09:35:38+07:00,116.4,500,Sell,304938440
547,2025-06-03 09:35:43+07:00,116.4,200,Sell,304938604
548,2025-06-03 09:35:54+07:00,116.4,400,Sell,304939040
549,2025-06-03 09:35:56+07:00,116.5,100,Buy,304939132
550,2025-06-03 09:36:02+07:00,116.4,200,Sell,304939435
551,2025-06-03 09:36:08+07:00,116.4,100,Sell,304939643
552,2025-06-03 09:36:08+07:00,116.4,200,Sell,304939680
553,2025-06-03 09:36:11+07:00,116.4,2100,Sell,304939748
554,2025-06-03 09:36:13+07:00,116.4,200,Sell,304939812
555,2025-06-03 09:36:13+07:00,116.4,100,Sell,304939813
556,2025-06-03 09:36:13+07:00,116.4,700,Sell,304939814
557,2025-06-03 09:36:18+07:00,116.4,200,Sell,304939936
558,2025-06-03 09:36:18+07:00,116.4,100,Sell,304939937
559,2025-06-03 09:36:19+07:00,116.4,200,Sell,304939990
560,2025-06-03 09:36:19+07:00,116.4,100,Sell,304939989
561,2025-06-03 09:36:19+07:00,116.4,200,Sell,304939985
562,2025-06-03 09:36:19+07:00,116.4,100,Sell,304939986
563,2025-06-03 09:36:19+07:00,116.4,100,Sell,304939988
564,2025-06-03 09:36:20+07:00,116.5,500,Buy,304940044
565,2025-06-03 09:36:28+07:00,116.4,200,Sell,304940296
566,2025-06-03 09:36:29+07:00,116.4,100,Sell,304940316
567,2025-06-03 09:36:36+07:00,116.4,100,Sell,304940527
568,2025-06-03 09:36:36+07:00,116.4,400,Sell,304940526
569,2025-06-03 09:36:36+07:00,116.4,100,Sell,304940524
570,2025-06-03 09:36:36+07:00,116.4,200,Sell,304940525
571,2025-06-03 09:36:36+07:00,116.4,500,Sell,304940523
572,2025-06-03 09:36:36+07:00,116.4,200,Sell,304940518
573,2025-06-03 09:36:36+07:00,116.4,200,Sell,304940521
574,2025-06-03 09:36:36+07:00,116.4,1000,Sell,304940520
575,2025-06-03 09:36:36+07:00,116.4,100,Sell,304940519
576,2025-06-03 09:36:36+07:00,116.4,100,Sell,304940517
577,2025-06-03 09:36:36+07:00,116.4,500,Sell,304940516
578,2025-06-03 09:36:36+07:00,116.4,200,Sell,304940522
579,2025-06-03 09:36:38+07:00,116.4,100,Sell,304940577
580,2025-06-03 09:36:38+07:00,116.4,300,Sell,304940576
581,2025-06-03 09:36:38+07:00,116.4,200,Sell,304940574
582,2025-06-03 09:36:38+07:00,116.4,200,Sell,304940567
583,2025-06-03 09:36:38+07:00,116.4,300,Sell,304940561
584,2025-06-03 09:36:38+07:00,116.4,200,Sell,304940560
585,2025-06-03 09:36:38+07:00,116.4,500,Sell,304940568
586,2025-06-03 09:36:40+07:00,116.4,100,Sell,304940646
587,2025-06-03 09:36:44+07:00,116.4,100,Sell,304940813
588,2025-06-03 09:36:44+07:00,116.4,200,Sell,304940814
589,2025-06-03 09:36:45+07:00,116.4,100,Sell,304940888
590,2025-06-03 09:36:45+07:00,116.4,100,Sell,304940887
591,2025-06-03 09:36:45+07:00,116.4,200,Sell,304940886
592,2025-06-03 09:36:45+07:00,116.4,1000,Sell,304940885
593,2025-06-03 09:36:45+07:00,116.4,1000,Sell,304940883
594,2025-06-03 09:36:45+07:00,116.4,1000,Sell,304940884
595,2025-06-03 09:36:45+07:00,116.4,300,Sell,304940882
596,2025-06-03 09:37:04+07:00,116.4,100,Buy,304941784
597,2025-06-03 09:37:06+07:00,116.4,100,Buy,304941823
598,2025-06-03 09:37:11+07:00,116.4,300,Buy,304942013
599,2025-06-03 09:37:11+07:00,116.4,100,Buy,304942016
600,2025-06-03 09:37:14+07:00,116.4,100,Buy,304942115
601,2025-06-03 09:37:24+07:00,116.4,200,Buy,304942494
602,2025-06-03 09:37:28+07:00,116.4,300,Buy,304942635
603,2025-06-03 09:37:37+07:00,116.4,100,Buy,304942907
604,2025-06-03 09:37:46+07:00,116.4,200,Buy,304943255
605,2025-06-03 09:37:47+07:00,116.3,100,Sell,304943298
606,2025-06-03 09:37:47+07:00,116.4,100,Buy,304943289
607,2025-06-03 09:37:50+07:00,116.4,400,Buy,304943441
608,2025-06-03 09:37:50+07:00,116.4,500,Buy,304943442
609,2025-06-03 09:37:50+07:00,116.4,300,Buy,304943443
610,2025-06-03 09:37:50+07:00,116.4,100,Buy,304943444
611,2025-06-03 09:37:50+07:00,116.4,500,Buy,304943445
612,2025-06-03 09:37:50+07:00,116.4,200,Buy,304943446
613,2025-06-03 09:37:50+07:00,116.4,400,Buy,304943440
614,2025-06-03 09:38:01+07:00,116.4,200,Sell,304944019
615,2025-06-03 09:38:01+07:00,116.4,1000,Sell,304944039
616,2025-06-03 09:38:08+07:00,116.4,300,Sell,304944471
617,2025-06-03 09:38:08+07:00,116.4,1000,Sell,304944465
618,2025-06-03 09:38:08+07:00,116.4,200,Sell,304944461
619,2025-06-03 09:38:08+07:00,116.4,100,Sell,304944462
620,2025-06-03 09:38:24+07:00,116.5,200,Buy,304945048
621,2025-06-03 09:38:24+07:00,116.5,500,Buy,304945049
622,2025-06-03 09:38:24+07:00,116.5,100,Buy,304945050
623,2025-06-03 09:38:24+07:00,116.5,200,Buy,304945051
624,2025-06-03 09:38:24+07:00,116.5,200,Buy,304945052
625,2025-06-03 09:38:24+07:00,116.5,300,Buy,304945053
626,2025-06-03 09:38:24+07:00,116.5,7300,Buy,304945054
627,2025-06-03 09:38:24+07:00,116.5,1200,Buy,304945047
628,2025-06-03 09:38:46+07:00,116.5,1000,Buy,304946628
629,2025-06-03 09:38:54+07:00,116.4,100,Sell,304946942
630,2025-06-03 09:39:01+07:00,116.5,300,Buy,304947289
631,2025-06-03 09:39:03+07:00,116.4,200,Sell,304947365
632,2025-06-03 09:39:04+07:00,116.4,100,Sell,304947439
633,2025-06-03 09:39:07+07:00,116.4,500,Sell,304947526
634,2025-06-03 09:39:08+07:00,116.4,200,Sell,304947600
635,2025-06-03 09:39:08+07:00,116.4,100,Sell,304947602
636,2025-06-03 09:39:09+07:00,116.4,600,Sell,304947617
637,2025-06-03 09:39:10+07:00,116.4,200,Sell,304947659
638,2025-06-03 09:39:20+07:00,116.4,200,Sell,304948163
639,2025-06-03 09:39:24+07:00,116.4,200,Sell,304948307
640,2025-06-03 09:39:26+07:00,116.5,100,Buy,304948386
641,2025-06-03 09:39:38+07:00,116.5,100,Buy,304948783
642,2025-06-03 09:39:46+07:00,116.5,400,Buy,304949248
643,2025-06-03 09:39:48+07:00,116.5,200,Buy,304949291
644,2025-06-03 09:39:50+07:00,116.5,300,Buy,304949368
645,2025-06-03 09:39:55+07:00,116.5,300,Buy,304949574
646,2025-06-03 09:39:56+07:00,116.5,200,Buy,304949587
647,2025-06-03 09:39:56+07:00,116.5,100,Buy,304949583
648,2025-06-03 09:39:56+07:00,116.5,1300,Buy,304949582
649,2025-06-03 09:39:56+07:00,116.5,300,Buy,304949585
650,2025-06-03 09:39:56+07:00,116.5,100,Buy,304949580
651,2025-06-03 09:39:56+07:00,116.5,200,Buy,304949579
652,2025-06-03 09:39:56+07:00,116.5,2000,Buy,304949578
653,2025-06-03 09:39:56+07:00,116.5,500,Buy,304949581
654,2025-06-03 09:39:56+07:00,116.5,300,Buy,304949584
655,2025-06-03 09:39:57+07:00,116.5,400,Buy,304949607
656,2025-06-03 09:39:57+07:00,116.5,600,Buy,304949608
657,2025-06-03 09:39:57+07:00,116.5,100,Buy,304949623
658,2025-06-03 09:40:00+07:00,116.5,100,Buy,304949727
659,2025-06-03 09:40:00+07:00,116.5,100,Buy,304949723
660,2025-06-03 09:40:00+07:00,116.5,100,Buy,304949724
661,2025-06-03 09:40:00+07:00,116.5,100,Buy,304949725
662,2025-06-03 09:40:00+07:00,116.5,100,Buy,304949726
663,2025-06-03 09:40:01+07:00,116.4,100,Sell,304949764
664,2025-06-03 09:40:01+07:00,116.5,100,Buy,304949733
665,2025-06-03 09:40:07+07:00,116.5,200,Buy,304950118
666,2025-06-03 09:40:07+07:00,116.5,1000,Buy,304950119
667,2025-06-03 09:40:07+07:00,116.5,3800,Buy,304950120
668,2025-06-03 09:40:09+07:00,116.5,200,Buy,304950234
669,2025-06-03 09:40:13+07:00,116.5,800,Sell,304950465
670,2025-06-03 09:40:13+07:00,116.5,200,Sell,304950466
671,2025-06-03 09:40:13+07:00,116.5,100,Sell,304950467
672,2025-06-03 09:40:13+07:00,116.5,200,Sell,304950468
673,2025-06-03 09:40:16+07:00,116.5,1100,Buy,304950549
674,2025-06-03 09:40:25+07:00,116.5,100,Buy,304950878
675,2025-06-03 09:40:26+07:00,116.5,1000,Buy,304950911
676,2025-06-03 09:40:30+07:00,116.4,600,Sell,304951106
677,2025-06-03 09:40:30+07:00,116.4,300,Sell,304951105
678,2025-06-03 09:40:31+07:00,116.5,500,Buy,304951164
679,2025-06-03 09:40:31+07:00,116.5,100,Buy,304951165
680,2025-06-03 09:40:34+07:00,116.4,400,Sell,304951331
681,2025-06-03 09:40:34+07:00,116.4,1000,Sell,304951329
682,2025-06-03 09:40:34+07:00,116.4,300,Sell,304951325
683,2025-06-03 09:40:34+07:00,116.4,100,Sell,304951327
684,2025-06-03 09:40:34+07:00,116.4,100,Sell,304951326
685,2025-06-03 09:40:34+07:00,116.4,100,Sell,304951324
686,2025-06-03 09:40:34+07:00,116.4,100,Sell,304951328
687,2025-06-03 09:40:34+07:00,116.4,200,Sell,304951322
688,2025-06-03 09:40:34+07:00,116.4,400,Sell,304951317
689,2025-06-03 09:40:34+07:00,116.4,100,Sell,304951318
690,2025-06-03 09:40:34+07:00,116.4,100,Sell,304951323
691,2025-06-03 09:40:34+07:00,116.4,200,Sell,304951320
692,2025-06-03 09:40:34+07:00,116.4,2000,Sell,304951319
693,2025-06-03 09:40:34+07:00,116.4,100,Sell,304951321
694,2025-06-03 09:40:40+07:00,116.4,700,Sell,304951664
695,2025-06-03 09:40:46+07:00,116.4,2600,Sell,304951838
696,2025-06-03 09:40:51+07:00,116.5,1000,Buy,304952056
697,2025-06-03 09:40:55+07:00,116.6,7600,Buy,304952175
698,2025-06-03 09:40:55+07:00,116.6,300,Buy,304952174
699,2025-06-03 09:40:55+07:00,116.6,100,Buy,304952207
700,2025-06-03 09:40:55+07:00,116.5,200,Buy,304952172
701,2025-06-03 09:40:55+07:00,116.5,1600,Buy,304952171
702,2025-06-03 09:40:55+07:00,116.5,300,Buy,304952173
703,2025-06-03 09:40:56+07:00,116.6,100,Buy,304952236
704,2025-06-03 09:41:03+07:00,116.6,200,Buy,304952490
705,2025-06-03 09:41:07+07:00,116.4,100,Sell,304952706
706,2025-06-03 09:41:10+07:00,116.6,600,Buy,304952836
707,2025-06-03 09:41:10+07:00,116.6,400,Buy,304952837
708,2025-06-03 09:41:12+07:00,116.6,100,Buy,304952918
709,2025-06-03 09:41:17+07:00,116.6,500,Buy,304953225
710,2025-06-03 09:41:17+07:00,116.6,100,Buy,304953226
711,2025-06-03 09:41:17+07:00,116.6,100,Buy,304953227
712,2025-06-03 09:41:22+07:00,116.6,200,Buy,304953426
713,2025-06-03 09:41:24+07:00,116.6,100,Buy,304953558
714,2025-06-03 09:41:26+07:00,116.6,100,Buy,304953636
715,2025-06-03 09:41:26+07:00,116.6,100,Buy,304953637
716,2025-06-03 09:41:26+07:00,116.6,200,Buy,304953638
717,2025-06-03 09:41:26+07:00,116.6,100,Buy,304953639
718,2025-06-03 09:41:26+07:00,116.6,100,Buy,304953640
719,2025-06-03 09:41:26+07:00,116.6,100,Buy,304953641
720,2025-06-03 09:41:26+07:00,116.6,200,Sell,304953649
721,2025-06-03 09:41:26+07:00,116.6,200,Buy,304953635
722,2025-06-03 09:41:27+07:00,116.4,200,Sell,304953735
723,2025-06-03 09:41:27+07:00,116.4,500,Sell,304953737
724,2025-06-03 09:41:27+07:00,116.4,200,Sell,304953738
725,2025-06-03 09:41:35+07:00,116.5,500,Buy,304954143
726,2025-06-03 09:41:36+07:00,116.5,100,Buy,304954151
727,2025-06-03 09:41:47+07:00,116.4,100,Sell,304954737
728,2025-06-03 09:41:47+07:00,116.4,800,Sell,304954738
729,2025-06-03 09:41:47+07:00,116.4,300,Sell,304954736
730,2025-06-03 09:41:48+07:00,116.4,300,Sell,304954750
731,2025-06-03 09:41:48+07:00,116.4,100,Sell,304954751
732,2025-06-03 09:41:49+07:00,116.5,100,Buy,304954828
733,2025-06-03 09:41:52+07:00,116.5,100,Buy,304954993
734,2025-06-03 09:42:12+07:00,116.5,500,Buy,304956550
735,2025-06-03 09:42:14+07:00,116.4,100,Sell,304956655
736,2025-06-03 09:42:21+07:00,116.5,100,Buy,304957111
737,2025-06-03 09:42:23+07:00,116.5,200,Buy,304957188
738,2025-06-03 09:42:23+07:00,116.5,300,Buy,304957185
739,2025-06-03 09:42:23+07:00,116.5,1400,Buy,304957183
740,2025-06-03 09:42:35+07:00,116.5,200,Sell,304957924
741,2025-06-03 09:42:38+07:00,116.6,200,Buy,304958240
742,2025-06-03 09:42:38+07:00,116.6,200,Buy,304958241
743,2025-06-03 09:42:38+07:00,116.6,600,Buy,304958242
744,2025-06-03 09:42:42+07:00,116.5,200,Sell,304958473
745,2025-06-03 09:42:54+07:00,116.5,1000,Sell,304959279
746,2025-06-03 09:43:10+07:00,116.5,300,Sell,304960054
747,2025-06-03 09:43:13+07:00,116.5,5600,Sell,304960178
748,2025-06-03 09:43:13+07:00,116.5,100,Sell,304960177
749,2025-06-03 09:43:13+07:00,116.5,200,Sell,304960176
750,2025-06-03 09:43:13+07:00,116.5,100,Sell,304960175
751,2025-06-03 09:43:13+07:00,116.5,1600,Sell,304960174
752,2025-06-03 09:43:13+07:00,116.5,1400,Sell,304960173
753,2025-06-03 09:43:16+07:00,116.5,400,Sell,304960353
754,2025-06-03 09:43:16+07:00,116.5,300,Sell,304960354
755,2025-06-03 09:43:16+07:00,116.5,100,Sell,304960367
756,2025-06-03 09:43:16+07:00,116.5,800,Sell,304960368
757,2025-06-03 09:43:21+07:00,116.5,100,Sell,304960684
758,2025-06-03 09:43:21+07:00,116.5,200,Sell,304960666
759,2025-06-03 09:43:21+07:00,116.5,100,Sell,304960665
760,2025-06-03 09:43:21+07:00,116.5,100,Sell,304960667
761,2025-06-03 09:43:21+07:00,116.5,100,Sell,304960652
762,2025-06-03 09:43:21+07:00,116.5,100,Sell,304960651
763,2025-06-03 09:43:21+07:00,116.5,100,Sell,304960650
764,2025-06-03 09:43:21+07:00,116.5,800,Sell,304960648
765,2025-06-03 09:43:21+07:00,116.5,100,Sell,304960653
766,2025-06-03 09:43:25+07:00,116.5,200,Sell,304960902
767,2025-06-03 09:43:32+07:00,116.5,200,Sell,304961174
768,2025-06-03 09:43:32+07:00,116.5,100,Sell,304961175
769,2025-06-03 09:43:43+07:00,116.5,100,Sell,304961941
770,2025-06-03 09:43:43+07:00,116.5,100,Sell,304961942
771,2025-06-03 09:43:43+07:00,116.5,100,Sell,304961943
772,2025-06-03 09:43:43+07:00,116.5,500,Sell,304961944
773,2025-06-03 09:43:43+07:00,116.5,100,Sell,304961945
774,2025-06-03 09:43:43+07:00,116.5,100,Sell,304961946
775,2025-06-03 09:43:44+07:00,116.5,200,Sell,304962001
776,2025-06-03 09:43:52+07:00,116.5,100,Sell,304962626
777,2025-06-03 09:43:52+07:00,116.5,300,Sell,304962628
778,2025-06-03 09:43:52+07:00,116.5,100,Sell,304962625
779,2025-06-03 09:43:54+07:00,116.5,1200,Sell,304962776
780,2025-06-03 09:43:58+07:00,116.5,800,Sell,304963005
781,2025-06-03 09:43:58+07:00,116.5,400,Sell,304963006
782,2025-06-03 09:43:58+07:00,116.5,100,Sell,304963007
783,2025-06-03 09:43:59+07:00,116.5,100,Buy,304963025
784,2025-06-03 09:44:05+07:00,116.5,200,Buy,304963344
785,2025-06-03 09:44:05+07:00,116.4,100,Sell,304963357
786,2025-06-03 09:44:09+07:00,116.5,1200,Buy,304963560
787,2025-06-03 09:44:15+07:00,116.5,200,Buy,304963807
